,cityFrom,lat_ori,lon_ori,cityTo,lat,lon,station_orig,station_dest,Tps_trajet_sec,Tps_total_sec,mode,Distance,Tps_transit_aller,Tps_transit_retour,Tps_total_transit,Tps_total_avec_transit,lat_dest_centre,lon_dest_centre,lat_prop_tps,lon_prop_tps
165,Clermont-Ferrand,45.766988,3.134193,Clermont-Ferrand,45.766988,3.134193,Clermont-Ferrand,Clermont-Ferrand,0,0,Origine,0.0,0.0,0.0,0.0,0.0,0.0,0.0,0.0,0.0
166,Clermont-Ferrand,45.785833,3.1625,Madrid,40.493611,-3.566667,Clermont-Ferrand Auvergne,Adolfo Suárez Madrid–Barajas,5700,5700,Avion,802.2,756.0,1728.0000000000002,2484.0,8184.0,-5.292221999999995,-6.729167,-84.32029761811677,-107.21495888910378
167,Clermont-Ferrand,45.785833,3.1625,Porto,41.235556,-8.678056,Clermont-Ferrand Auvergne,Porto Airport,58500,58500,Avion,1079.1,756.0,0.0,756.0,59256.0,-4.550276999999994,-11.840556,-354.27114708040125,-921.8707687883029
168,Clermont-Ferrand,45.785833,3.1625,Agadir,,,Clermont-Ferrand Auvergne,Agadir Airport,40800,40800,Avion,,756.0,,,,,,,
169,Clermont-Ferrand,45.785833,3.1625,Paris,49.009722,2.547778,Clermont-Ferrand Auvergne,Paris Airport,4200,4200,Avion,361.5,756.0,2723.9999999999995,3479.9999999999995,7680.0,3.223889,-0.614722,125.0,-23.974733564213015
170,Clermont-Ferrand,45.785833,3.1625,Casablanca,,,Clermont-Ferrand Auvergne,Casablanca Airport,41700,41700,Avion,,756.0,,,,,,,
171,Clermont-Ferrand,45.785833,3.1625,Seville,37.418056,-5.893056,Clermont-Ferrand Auvergne,Seville Airport,66000,66000,Avion,1195.3,756.0,0.0,756.0,66756.0,-8.367776999999997,-9.055556,-755.0832027012883,-817.1463253288024
172,Clermont-Ferrand,45.785833,3.1625,Marseille,43.436667,5.215,Clermont-Ferrand Auvergne,Marseille Provence,2400,2400,Avion,307.6,756.0,2400.0,3156.0,5556.0,-2.3491659999999968,2.0524999999999998,-69.73301352201949,60.92673325509786
173,Clermont-Ferrand,45.785833,3.1625,Lyon,45.725556,5.081111,Clermont-Ferrand Auvergne,Lyon–Saint-Exupéry,82200,82200,Avion,149.0,756.0,2364.0,3120.0,85320.0,-0.06027699999999925,1.9186109999999998,-44.65294126273853,1421.2987422905103
174,Clermont-Ferrand,45.785833,3.1625,Milan,45.449444,9.278333,Clermont-Ferrand Auvergne,Milan Airport,48300,48300,Avion,477.0,756.0,0.0,756.0,49056.0,-0.33638899999999694,6.115833,-44.90255990518965,816.3660454195538
175,Clermont-Ferrand,45.785833,3.1625,Stockholm,59.651944,17.918611,Clermont-Ferrand Auvergne,Stockholm Airport,83100,83100,Avion,1825.3,756.0,0.0,756.0,83856.0,13.866111000000004,14.756110999999999,957.0,1018.4896104449712
176,Clermont-Ferrand,45.785833,3.1625,Brussels,50.459167,4.453889,Clermont-Ferrand Auvergne,Brussels Airport,62400,62400,Avion,528.4,756.0,0.0,756.0,63156.0,4.673334000000004,1.2913890000000001,1014.0,280.3593497217083
177,Clermont-Ferrand,45.785833,3.1625,Marrakesh,,,Clermont-Ferrand Auvergne,Marrakesh Airport,57600,57600,Avion,,756.0,,,,,,,
178,Clermont-Ferrand,45.785833,3.1625,Lisbon,38.774167,-9.134167,Clermont-Ferrand Auvergne,Lisbon Portela,76500,76500,Avion,1274.8,756.0,0.0,756.0,77256.0,-7.011665999999998,-12.296667,-637.7995903875827,-1118.5371886984499
179,Clermont-Ferrand,45.785833,3.1625,Faro,37.014444,-7.965833,Clermont-Ferrand Auvergne,Faro Airport,78600,78600,Avion,1343.9,756.0,0.0,756.0,79356.0,-8.771389,-11.128333,-818.7283795371652,-1038.7273947193494
180,Clermont-Ferrand,45.785833,3.1625,"Palma, Majorca",39.551667,2.738889,Clermont-Ferrand Auvergne,Palma de Mallorca,66900,66900,Avion,694.1,756.0,0.0,756.0,67656.0,-6.234165999999995,-0.4236110000000002,-1125.00580831336,-76.44404006332707
181,Clermont-Ferrand,45.785833,3.1625,London,51.885,0.235,Clermont-Ferrand Auvergne,London Airport,78900,78900,Avion,711.1,756.0,0.0,756.0,79656.0,6.099167000000001,-2.9275,1196.0,-574.4777908825254
182,Clermont-Ferrand,45.785833,3.1625,Istanbul,41.275278,28.751944,Clermont-Ferrand Auvergne,Istanbul Airport,72000,72000,Avion,2113.1,756.0,0.0,756.0,72756.0,-4.5105549999999965,25.589444,-210.49542762569638,1194.1902842297266
183,Clermont-Ferrand,45.785833,3.1625,Oujda,,,Clermont-Ferrand Auvergne,Oujda Airport,78000,78000,Avion,,756.0,,,,,,,
184,Clermont-Ferrand,45.785833,3.1625,Amsterdam,52.308056,4.764167,Clermont-Ferrand Auvergne,Amsterdam Airport Schiphol,69300,69300,Avion,734.5,756.0,1368.0,2124.0,71424.0,6.522223000000004,1.6016669999999995,1156.0,283.8926194032077
185,Clermont-Ferrand,45.785833,3.1625,Rome,41.800278,12.238889,Clermont-Ferrand Auvergne,Rome Airport,68700,68700,Avion,851.9,756.0,0.0,756.0,69456.0,-3.985554999999998,9.076389,-465.4219074794639,1059.9151890779644
186,Clermont-Ferrand,45.785833,3.1625,Barcelona,41.296944,2.078333,Clermont-Ferrand Auvergne,Barcelona–El Prat,11100,11100,Avion,506.7,756.0,1512.0,2268.0,13368.0,-4.488888999999993,-1.0841669999999999,-216.572848430086,-52.30718232593883
187,Clermont-Ferrand,45.785833,3.1625,Málaga,36.675,-4.499167,Clermont-Ferrand Auvergne,Málaga Airport,72600,72600,Avion,1197.4,756.0,0.0,756.0,73356.0,-9.110833,-7.661667,-935.7172827084086,-786.882409792462
188,Clermont-Ferrand,45.785833,3.1625,Algiers,36.694167,3.214722,Clermont-Ferrand Auvergne,Houari Boumediene,75000,75000,Avion,1011.0,756.0,0.0,756.0,75756.0,-9.091665999999996,0.05222199999999999,-1262.5791721184808,7.252181231291418
189,Clermont-Ferrand,45.785833,3.1625,Geneva,46.238056,6.108889,Clermont-Ferrand Auvergne,Geneva Airport,81600,81600,Avion,233.0,756.0,0.0,756.0,82356.0,0.4522230000000036,2.9463889999999995,208.0,1356.7127894108087
190,Clermont-Ferrand,45.785833,3.1625,Catania,37.466667,15.063889,Clermont-Ferrand Auvergne,Catania–Fontanarossa,81000,81000,Avion,1351.6,756.0,0.0,756.0,81756.0,-8.319165999999996,11.901389,-780.6560716746937,1116.8056490533324
191,Clermont-Ferrand,45.785833,3.1625,Bologna,44.530833,11.296944,Clermont-Ferrand Auvergne,Bologna Guglielmo Marconi,67800,67800,Avion,652.6,756.0,0.0,756.0,68556.0,-1.2549999999999955,8.134444,-174.22154985843926,1129.2393951527388
192,Clermont-Ferrand,45.785833,3.1625,Nice,43.665278,7.215,Clermont-Ferrand Auvergne,Nice Côte d Azur International,84000,84000,Avion,397.5,756.0,696.0,1452.0,85452.0,-2.120554999999996,4.0525,-660.3052816458827,1261.8805708269508
193,Clermont-Ferrand,45.785833,3.1625,Tunis,36.851111,10.227222,Clermont-Ferrand Auvergne,Tunis–Carthage International,71700,71700,Avion,1154.4,756.0,0.0,756.0,72456.0,-8.934721999999994,7.064722,-947.2572718768934,749.0002809587893
194,Clermont-Ferrand,45.785833,3.1625,Tel Aviv,,,Clermont-Ferrand Auvergne,Tel Aviv Airport,71400,71400,Avion,,756.0,,,,,,,
195,Clermont-Ferrand,45.785833,3.1625,Luxembourg City,49.623333,6.204444,Clermont-Ferrand Auvergne,Luxembourg,54300,54300,Avion,483.5,756.0,0.0,756.0,55056.0,3.8375000000000057,3.0419439999999995,719.0,570.0088173680051
196,Clermont-Ferrand,45.785833,3.1625,Bangkok,,,Clermont-Ferrand Auvergne,Bangkok Airport,42300,42300,Avion,,756.0,,,,,,,
197,Clermont-Ferrand,45.766988,3.134193,Nîmes,43.832313,4.365872,Clermont la Pardieu,Nîmes Centre,18480,18480,Train,236.1,504.00000000000006,83.99999999999999,588.0,19068.0,-1.9346749999999986,1.2316790000000006,-268.0828422246701,170.67052969022697
198,Clermont-Ferrand,45.778945,3.100543,Avignon,43.92194,4.786136,Clermont-Ferrand Train Station,Avignon TGV,18600,18600,Train,243.0,180.0,408.0,588.0,19188.0,-1.857005000000001,1.685593,-236.79736536614615,214.9396374698066
199,Clermont-Ferrand,45.778945,3.100543,Toulon,43.128353,5.929404,Clermont-Ferrand Train Station,Toulon Train Station,20280,20280,Train,367.8,180.0,36.0,216.0,20496.0,-2.650592000000003,2.828861,-233.56556535278645,249.27432014034906
200,Clermont-Ferrand,45.778945,3.100543,Bourg-en-Bresse,46.200111,5.215011,Clermont-Ferrand Train Station,Bourg-en-Bresse Train Station,15030,15030,Train,167.8,180.0,120.0,300.0,15330.0,0.4211659999999995,2.1144679999999996,49.0,250.57765672009955
201,Clermont-Ferrand,45.778945,3.100543,Chalon-sur-Saône,46.781622,4.843479,Clermont-Ferrand Train Station,Chalon-sur-Saône Train Station,16500,16500,Train,173.2,180.0,132.0,312.0,16812.0,1.0026769999999985,1.7429360000000003,139.0,242.87770670322755
202,Clermont-Ferrand,45.778945,3.100543,Besançon,47.247049,6.021943,Clermont-Ferrand Train Station,Besançon-Viotte,24240,24240,Train,275.5,180.0,120.0,300.0,24540.0,1.4681039999999967,2.9214,183.0,365.4494924583433
203,Clermont-Ferrand,45.778945,3.100543,Dijon,47.323411,5.027256,Clermont-Ferrand Train Station,Dijon Ville,15780,15780,Train,225.6,180.0,132.0,312.0,16092.0,1.544466,1.9267130000000003,167.0,209.26490434051703
204,Clermont-Ferrand,45.778945,3.100543,Paris,48.839215,2.382791,Clermont-Ferrand Train Station,Paris-Bercy Bourgogne - Pays d'Auvergne,12840,12840,Train,346.3,180.0,360.0,540.0,13380.0,3.0602700000000027,-0.717752,217.0,-50.92037137194504
205,Clermont-Ferrand,45.778945,3.100543,Tarbes,43.239863,0.069442,Clermont-Ferrand Train Station,Tarbes Train Station,38280,38280,Train,371.5,180.0,120.0,300.0,38580.0,-2.5390820000000005,-3.031101,-412.9006370653925,-492.9118216385087
206,Clermont-Ferrand,45.778945,3.100543,Cahors,44.449275,1.433325,Clermont-Ferrand Train Station,Cahors Train Station,53040,53040,Train,198.2,180.0,36.0,216.0,53256.0,-1.3296700000000001,-1.667218,-553.4370279526564,-693.9317085210406
207,Clermont-Ferrand,45.778945,3.100543,Muret,43.464824,1.324449,Clermont-Ferrand Train Station,Muret Train Station,32250,32250,Train,293.3,180.0,72.0,252.0,32502.0,-2.314121,-1.776094,-429.7230448549266,-329.8135757069601
208,Clermont-Ferrand,45.778945,3.100543,Angoulême,45.653572,0.164608,Clermont-Ferrand Train Station,Angoulême Train Station,24060,24060,Train,230.9,180.0,72.0,252.0,24312.0,-0.1253730000000033,-2.935935,-17.28746852743217,-404.8310554193107
209,Clermont-Ferrand,45.778945,3.100543,Angers,47.464649,-0.55677,Clermont-Ferrand Train Station,Angers-Saint-Laud,18660,18660,Train,339.2,180.0,132.0,312.0,18972.0,1.6857040000000012,-3.6573130000000003,132.0,-287.16503221473835
210,Clermont-Ferrand,45.778945,3.100543,Saint-Nazaire,47.286489,-2.211079,Clermont-Ferrand Train Station,Saint-Nazaire Train Station,25440,25440,Train,442.3,180.0,180.0,360.0,25800.0,1.5075440000000029,-5.311622,117.0,-413.66166109037715
211,Clermont-Ferrand,45.778945,3.100543,Brest,48.38762,-4.480306,Clermont-Ferrand Train Station,Brest Train Station,36600,36600,Train,645.7,180.0,60.0,240.0,36840.0,2.608674999999998,-7.580849,199.0,-580.5866023004362
212,Clermont-Ferrand,45.778945,3.100543,Lisieux,49.138299,0.231143,Clermont-Ferrand Train Station,Lisieux Train Station,28650,28650,Train,433.7,180.0,120.0,300.0,28950.0,3.3593540000000033,-2.8694,366.0,-313.3738786505592
213,Clermont-Ferrand,45.778945,3.100543,Cambrai,50.176582,3.241197,Clermont-Ferrand Train Station,Cambrai Train Station,26790,26790,Train,490.4,180.0,48.0,228.0,27018.0,4.397637000000003,0.14065400000000006,450.0,14.395031963333134
214,Clermont-Ferrand,45.778945,3.100543,Arras,50.286971,2.781314,Clermont-Ferrand Train Station,Arras Train Station,23880,23880,Train,503.3,180.0,60.0,240.0,24120.0,4.508026000000001,-0.319229,400.0,-28.3959108511131
215,Clermont-Ferrand,45.778945,3.100543,Aix-en-Provence,43.455237,5.317534,Clermont-Ferrand Train Station,Aix-en-Provence TGV,16050,16050,Train,309.7,180.0,1608.0,1788.0,17838.0,-2.3237080000000034,2.216991,-215.10417324498184,205.22544835519992
216,Clermont-Ferrand,45.778945,3.100543,Lille,50.636577,3.06987,Clermont-Ferrand Train Station,Lille Flandres,22560,22560,Train,541.5,180.0,48.0,228.0,22788.0,4.857632000000002,-0.030673000000000172,379.0,-2.3981588483736003
217,Clermont-Ferrand,45.778945,3.100543,Compiègne,49.421977,2.823693,Clermont-Ferrand Train Station,Compiègne Train Station,21360,21360,Train,407.1,180.0,60.0,240.0,21600.0,3.643031999999998,-0.27685000000000004,358.0,-27.27932327764273
218,Clermont-Ferrand,45.778945,3.100543,Chaumont,48.10976,5.1346,Clermont-Ferrand Train Station,Chaumont Train Station,22260,22260,Train,301.5,180.0,48.0,228.0,22488.0,2.330815000000001,2.034057,282.0,246.43635171949694
219,Clermont-Ferrand,45.778945,3.100543,Gap,44.563714,6.085669,Clermont-Ferrand Train Station,Gap Train Station,23340,23340,Train,267.3,180.0,48.0,228.0,23568.0,-1.2152310000000028,2.985126,-148.10485305017434,363.8087306580015
220,Clermont-Ferrand,45.778945,3.100543,Marseille,43.302666,5.380407,Clermont-Ferrand Train Station,Marseille - Saint-Charles,20460,20460,Train,326.7,180.0,132.0,312.0,20772.0,-2.476278999999998,2.279864,-254.69282671054142,234.49094656765345
221,Clermont-Ferrand,45.778945,3.100543,Grenoble,45.191491,5.714548,Clermont-Ferrand Train Station,Grenoble Train Station,14850,14850,Train,211.1,180.0,204.0,384.0,15234.0,-0.587454000000001,2.6140049999999997,-55.67126344442071,247.72145733969413
222,Clermont-Ferrand,45.778945,3.100543,Roanne,46.039383,4.063207,Clermont-Ferrand Train Station,Roanne Train Station,4680,4680,Train,78.0,180.0,108.00000000000001,288.0,4968.0,0.2604380000000006,0.9626640000000002,21.0,79.92667982228772
223,Clermont-Ferrand,45.778945,3.100543,Mâcon,46.302572,4.824887,Clermont-Ferrand Train Station,Mâcon Train Station,12600,12600,Train,143.5,180.0,72.0,252.0,12852.0,0.5236269999999976,1.7243440000000003,62.0,204.9583532424351
224,Clermont-Ferrand,45.778945,3.100543,Lyon,45.760596,4.859409,Clermont-Ferrand Train Station,Lyon Part Dieu,8640,8640,Train,133.8,180.0,252.00000000000003,432.0,9072.0,-0.018349000000000615,1.7588660000000003,-1.5772764049884667,151.19177292148623
225,Clermont-Ferrand,45.778945,3.100543,Montbard,47.618741,4.336212,Clermont-Ferrand Train Station,Montbard Train Station,22080,22080,Train,225.4,180.0,72.0,252.0,22332.0,1.8397959999999998,1.2356689999999997,308.0,207.52068930377828
226,Clermont-Ferrand,45.778945,3.100543,Moulins,46.561394,3.338782,Clermont-Ferrand Train Station,Moulins-sur-Allier,4260,4260,Train,89.7,180.0,83.99999999999999,264.0,4524.0,0.7824489999999997,0.2382390000000001,72.0,21.96222082204327
227,Clermont-Ferrand,45.778945,3.100543,Toulouse,43.611206,1.453616,Clermont-Ferrand Train Station,Toulouse Matabiau,26880,26880,Train,274.0,180.0,132.0,312.0,27192.0,-2.1677389999999974,-1.646927,-360.86518174194396,-274.1652067756844
228,Clermont-Ferrand,45.778945,3.100543,Périgueux,45.187408,0.707879,Clermont-Ferrand Train Station,Périgueux Train Station,23100,23100,Train,199.8,180.0,108.00000000000001,288.0,23388.0,-0.5915370000000024,-2.392664,-93.55333906676954,-378.4069406729454
229,Clermont-Ferrand,45.778945,3.100543,Limoges,45.836207,1.267419,Clermont-Ferrand Train Station,Limoges-Bénédictins,18540,18540,Train,144.9,180.0,24.0,204.0,18744.0,0.05726200000000148,-1.833124,9.0,-312.24769551935935
230,Clermont-Ferrand,45.778945,3.100543,Agen,44.207967,0.6208669999999999,Clermont-Ferrand Train Station,Agen Train Station,33780,33780,Train,262.9,180.0,96.0,276.0,34056.0,-1.5709780000000038,-2.479676,-303.7668425774636,-479.47415503916204
231,Clermont-Ferrand,45.778945,3.100543,Arcachon,44.658967,-1.165323,Clermont-Ferrand Train Station,Arcachon Train Station,31140,31140,Train,358.6,180.0,60.0,240.0,31380.0,-1.1199780000000032,-4.265866,-132.80959680546752,-505.85631457595656
232,Clermont-Ferrand,45.778945,3.100543,Bourges,47.094129,2.394236,Clermont-Ferrand Train Station,Bourges Train Station,10020,10020,Train,158.1,180.0,180.0,360.0,10380.0,1.3151840000000021,-0.7063070000000002,152.0,-81.85131145442168
233,Clermont-Ferrand,45.778945,3.100543,Châtellerault,46.818594,0.549279,Clermont-Ferrand Train Station,Châtellerault Train Station,19620,19620,Train,230.5,180.0,36.0,216.0,19836.0,1.0396489999999972,-2.551264,124.0,-306.1558540424349
234,Clermont-Ferrand,45.778945,3.100543,Tours,47.389866,0.692831,Clermont-Ferrand Train Station,Tours Train Station,16200,16200,Train,259.6,180.0,36.0,216.0,16416.0,1.6109209999999976,-2.407712,152.0,-227.39671080572933
235,Clermont-Ferrand,45.778945,3.100543,Laval,48.076255,-0.760929,Clermont-Ferrand Train Station,Laval Train Station,23970,23970,Train,391.6,180.0,132.0,312.0,24282.0,2.297310000000003,-3.861472,206.0,-347.80274147965855
236,Clermont-Ferrand,45.778945,3.100543,Morlaix,48.57797,-3.832514,Clermont-Ferrand Train Station,Morlaix Train Station,34230,34230,Train,612.0,180.0,60.0,240.0,34470.0,2.7990250000000003,-6.933057,215.0,-532.7234676197792
237,Clermont-Ferrand,45.778945,3.100543,Alençon,48.433884,0.09853099999999999,Clermont-Ferrand Train Station,Alençon Train Station,26100,26100,Train,375.1,180.0,72.0,252.0,26352.0,2.654938999999999,-3.002012,290.0,-328.9966512386263
238,Clermont-Ferrand,45.778945,3.100543,Bayeux,49.269729,-0.6981000000000001,Clermont-Ferrand Train Station,Bayeux Train Station,30090,30090,Train,484.1,180.0,96.0,276.0,30366.0,3.490783999999998,-3.798643,342.0,-372.64856053894823
239,Clermont-Ferrand,45.778945,3.100543,Rouen,49.448663,1.094103,Clermont-Ferrand Train Station,Rouen Rive Droite,25110,25110,Train,437.0,180.0,108.00000000000001,288.0,25398.0,3.669718000000003,-2.00644,371.0,-203.07051484261729
240,Clermont-Ferrand,45.778945,3.100543,Dreux,48.731492,1.370164,Clermont-Ferrand Train Station,Dreux Train Station,24060,24060,Train,355.5,180.0,60.0,240.0,24300.0,2.9525470000000027,-1.7303790000000001,349.0,-204.77901518196006
241,Clermont-Ferrand,45.778945,3.100543,Douai,50.371673,3.089958,Clermont-Ferrand Train Station,Douai Train Station,24960,24960,Train,512.0,180.0,96.0,276.0,25236.0,4.592728000000001,-0.010584999999999845,420.0,-0.9693670463141116
242,Clermont-Ferrand,45.778945,3.100543,Abbeville,50.102175,1.824538,Clermont-Ferrand Train Station,Abbeville Train Station,25380,25380,Train,491.8,180.0,96.0,276.0,25656.0,4.323230000000002,-1.276005,410.0,-121.04425526253459
243,Clermont-Ferrand,45.778945,3.100543,Saverne,48.744483,7.362055,Clermont-Ferrand Train Station,Saverne Train Station,33090,33090,Train,459.7,180.0,36.0,216.0,33306.0,2.9655380000000022,4.261512,317.0,455.6339528587296
244,Clermont-Ferrand,45.778945,3.100543,Belfort,47.633278,6.854053,Clermont-Ferrand Train Station,Belfort-Ville,29280,29280,Train,351.4,180.0,96.0,276.0,29556.0,1.854332999999997,3.7535100000000003,218.0,441.6450650659759
245,Clermont-Ferrand,45.778945,3.100543,Bar-le-Duc,48.773598,5.167053,Clermont-Ferrand Train Station,Bar-le-Duc Train Station,28560,28560,Train,367.8,180.0,48.0,228.0,28788.0,2.9946529999999996,2.06651,394.0,272.5083652213292
246,Clermont-Ferrand,45.778945,3.100543,Sedan,49.695024,4.930373,Clermont-Ferrand Train Station,Sedan Train Station,30780,30780,Train,456.9,180.0,156.0,336.0,31116.0,3.9160789999999963,1.8298300000000003,469.0,219.53758273340665
247,Clermont-Ferrand,45.778945,3.100543,Narbonne,43.190618,3.005667,Clermont-Ferrand Train Station,Narbonne Train Station,24750,24750,Train,286.7,180.0,96.0,276.0,25026.0,-2.5883269999999996,-0.09487600000000018,-416.8200714027142,-15.278680435047045
248,Clermont-Ferrand,45.766988,3.134193,Alès,44.127825,4.084948,Clermont la Pardieu,Alès Train Station,16320,16320,Train,197.0,504.00000000000006,36.0,540.0,16860.0,-1.6391629999999964,0.950755,-243.0711602147551,140.98727273003357
249,Clermont-Ferrand,45.778945,3.100543,Lunéville,48.58799,6.496997,Clermont-Ferrand Train Station,Lunéville Train Station,34890,34890,Train,403.6,180.0,60.0,240.0,35130.0,2.8090449999999976,3.3964540000000003,373.0,451.1841785657814
250,Clermont-Ferrand,45.778945,3.100543,Valence,44.928081,4.893288,Clermont-Ferrand Train Station,Valence Ville,16140,16140,Train,166.1,180.0,39612.0,39792.0,55932.0,-0.8508640000000014,1.792745,-399.7023258514667,842.1608461030041
251,Clermont-Ferrand,45.778945,3.100543,Nancy,48.689857,6.174579,Clermont-Ferrand Train Station,Nancy Train Station,27420,27420,Train,397.8,180.0,96.0,276.0,27696.0,2.9109120000000033,3.0740359999999995,317.0,335.1722946929732
252,Clermont-Ferrand,45.778945,3.100543,Château-Thierry,49.03814,3.409302,Clermont-Ferrand Train Station,Château-Thierry Train Station,25740,25740,Train,364.3,180.0,120.0,300.0,26040.0,3.2591949999999983,0.3087589999999998,432.0,40.931614733597954
253,Clermont-Ferrand,45.778945,3.100543,Nice,43.704556,7.261904,Clermont-Ferrand Train Station,Nice Train Station,26880,26880,Train,398.5,180.0,83.99999999999999,264.0,27144.0,-2.0743890000000036,4.161361,-201.829572645962,404.88341977110935
254,Clermont-Ferrand,45.778945,3.100543,Chambéry,45.571302,5.919547,Clermont-Ferrand Train Station,Chambéry - Challes-les-Eaux,15270,15270,Train,217.5,180.0,72.0,252.0,15522.0,-0.20764299999999736,2.8190039999999996,-19.003914784252,258.00104887940455
255,Clermont-Ferrand,45.778945,3.100543,Riom,45.889965,3.120498,Clermont-Ferrand Train Station,Riom - Châtel-Guyon,510,510,Train,13.7,180.0,72.0,252.0,762.0,0.11101999999999634,0.019954999999999945,12.0,2.2467240038471066
256,Clermont-Ferrand,45.778945,3.100543,Vichy,46.126991,3.430476,Clermont-Ferrand Train Station,Vichy Train Station,1860,1860,Train,46.1,180.0,108.00000000000001,288.0,2148.0,0.3480459999999965,0.32993300000000003,25.0,24.629330358985865
257,Clermont-Ferrand,45.778945,3.100543,Nevers,46.987282,3.150743,Clermont-Ferrand Train Station,Nevers Train Station,5430,5430,Train,135.7,180.0,60.0,240.0,5670.0,1.2083370000000002,0.0501999999999998,94.0,3.9225906313584384
258,Clermont-Ferrand,45.778945,3.100543,Montargis,48.006862,2.742783,Clermont-Ferrand Train Station,Montargis Train Station,17130,17130,Train,250.8,180.0,156.0,336.0,17466.0,2.227916999999998,-0.35775999999999986,287.0,-46.15370570132908
259,Clermont-Ferrand,45.778945,3.100543,Carcassonne,43.218029,2.351824,Clermont-Ferrand Train Station,Carcassonne Train Station,27060,27060,Train,290.1,180.0,72.0,252.0,27312.0,-2.560915999999999,-0.7487189999999999,-436.9100436388153,-127.73665788460464
260,Clermont-Ferrand,45.778945,3.100543,Châteauroux,46.809812,1.699483,Clermont-Ferrand Train Station,Châteauroux Train Station,17400,17400,Train,160.0,180.0,72.0,252.0,17652.0,1.0308670000000006,-1.40106,174.0,-236.9679629859371
261,Clermont-Ferrand,45.778945,3.100543,Libourne,44.915904,-0.236359,Clermont-Ferrand Train Station,Libourne Train Station,26220,26220,Train,279.9,180.0,72.0,252.0,26472.0,-0.8630410000000026,-3.3369020000000003,-110.47479254749518,-427.14489369719485
262,Clermont-Ferrand,45.778945,3.100543,Poitiers,46.582232,0.333136,Clermont-Ferrand Train Station,Poitiers Train Station,20940,20940,Train,233.9,180.0,72.0,252.0,21192.0,0.8032869999999974,-2.767407,98.0,-339.1993324205017
263,Clermont-Ferrand,45.778945,3.100543,Blois,47.585449,1.323759,Clermont-Ferrand Train Station,Blois - Chambord,18000,18000,Train,244.9,180.0,96.0,276.0,18276.0,1.8065039999999968,-1.7767840000000001,217.0,-213.590965568431
264,Clermont-Ferrand,45.778945,3.100543,Saintes,45.74874,-0.6179,Clermont-Ferrand Train Station,Saintes Train Station,29040,29040,Train,291.1,180.0,120.0,300.0,29340.0,-0.030205000000002258,-3.718443,-3.9720274662811024,-488.9838678298162
265,Clermont-Ferrand,45.778945,3.100543,Roche-sur-Yon,46.672075,-1.43566,Clermont-Ferrand Train Station,La Roche-sur-Yon,27870,27870,Train,365.6,180.0,0.0,180.0,28050.0,0.8931299999999993,-4.536203,90.0,-458.6938055613556
266,Clermont-Ferrand,45.778945,3.100543,Rochelle,46.152705,-1.145853,Clermont-Ferrand Train Station,La Rochelle,27900,27900,Train,333.6,180.0,0.0,180.0,28080.0,0.3737599999999972,-4.246396,41.0,-466.1976214607297
267,Clermont-Ferrand,45.778945,3.100543,Cholet,47.065702,-0.869897,Clermont-Ferrand Train Station,Cholet Train Station,23160,23160,Train,339.2,180.0,108.00000000000001,288.0,23448.0,1.2867570000000015,-3.97044,120.0,-371.76406209014874
268,Clermont-Ferrand,45.778945,3.100543,Saint-Malo,48.646859,-2.004158,Clermont-Ferrand Train Station,Saint-Malo Train Station,30000,30000,Train,503.0,180.0,192.0,372.0,30372.0,2.867913999999999,-5.104701,247.0,-441.3200460683613
269,Clermont-Ferrand,45.778945,3.100543,Vannes,47.665169,-2.75245,Clermont-Ferrand Train Station,Vannes Train Station,29640,29640,Train,495.8,180.0,108.00000000000001,288.0,29928.0,1.8862239999999986,-5.852993,152.0,-474.7558050651787
270,Clermont-Ferrand,45.778945,3.100543,Rennes,48.103517,-1.672744,Clermont-Ferrand Train Station,Rennes Train Station,26640,26640,Train,447.9,180.0,120.0,300.0,26940.0,2.3245719999999963,-4.773287,196.0,-403.6755991889307
271,Clermont-Ferrand,45.778945,3.100543,Évreux,49.018748,1.149629,Clermont-Ferrand Train Station,Évreux Embranchement,24450,24450,Train,391.2,180.0,108.00000000000001,288.0,24738.0,3.239803000000002,-1.950914,353.0,-212.6900475939487
272,Clermont-Ferrand,45.778945,3.100543,Valenciennes,50.363187,3.517124,Clermont-Ferrand Train Station,Valenciennes Train Station,25680,25680,Train,511.9,180.0,83.99999999999999,264.0,25944.0,4.584242000000003,0.41658099999999987,430.0,39.13197924982555
273,Clermont-Ferrand,45.778945,3.100543,Béthune,50.521454,2.640509,Clermont-Ferrand Train Station,Béthune Train Station,25980,25980,Train,529.9,180.0,108.00000000000001,288.0,26268.0,4.742508999999998,-0.46003399999999983,435.0,-42.26918207896926
274,Clermont-Ferrand,45.778945,3.100543,Amiens,49.890584,2.308277,Clermont-Ferrand Train Station,Amiens Train Station,23760,23760,Train,462.6,180.0,120.0,300.0,24060.0,4.111638999999997,-0.7922660000000001,393.0,-75.87243920552167
275,Clermont-Ferrand,45.778945,3.100543,Clermont,49.385278,2.417663,Clermont-Ferrand Train Station,Clermont de l'Oise,22920,22920,Train,405.9,180.0,96.0,276.0,23196.0,3.6063329999999993,-0.6828799999999999,379.0,-71.92681101325635
276,Clermont-Ferrand,45.778945,3.100543,Dunkerque,51.03041,2.368991,Clermont-Ferrand Train Station,Dunkerque Train Station,27960,27960,Train,588.0,180.0,96.0,276.0,28236.0,5.251465000000003,-0.7315520000000002,466.0,-64.92965859569594
277,Clermont-Ferrand,45.778945,3.100543,Soissons,49.369226,3.33809,Clermont-Ferrand Train Station,Soissons Train Station,23880,23880,Train,400.8,180.0,216.00000000000003,396.0,24276.0,3.5902809999999974,0.23754699999999973,403.0,26.71151158651154
278,Clermont-Ferrand,45.778945,3.100543,Strasbourg,48.584532,7.734793,Clermont-Ferrand Train Station,Strasbourg Train Station,29760,29760,Train,467.9,180.0,144.0,324.0,30084.0,2.8055870000000027,4.63425,259.0,428.9212428407953
279,Clermont-Ferrand,45.778945,3.100543,Montbéliard,47.51055,6.801336,Clermont-Ferrand Train Station,Montbéliard Train Station,24390,24390,Train,340.5,180.0,36.0,216.0,24606.0,1.7316050000000018,3.700793,173.0,371.44980535799743
280,Clermont-Ferrand,45.778945,3.100543,Vitry-le-François,48.717913,4.587515,Clermont-Ferrand Train Station,Vitry-le-François Train Station,26340,26340,Train,346.0,180.0,108.00000000000001,288.0,26628.0,2.9389680000000027,1.4869719999999997,395.0,200.3562374625895
281,Clermont-Ferrand,45.778945,3.100543,Reims,49.258934,4.021994,Clermont-Ferrand Train Station,Reims Train Station,25920,25920,Train,394.0,180.0,83.99999999999999,264.0,26184.0,3.4799890000000033,0.9214510000000002,421.0,111.70294352178234
282,Clermont-Ferrand,45.778945,3.100543,Saint-Dié-des-Vosges,48.282043,6.948516,Clermont-Ferrand Train Station,Saint-Dié-des-Vosges Train Station,39360,39360,Train,402.2,180.0,72.0,252.0,39612.0,2.5030980000000014,3.8479729999999996,359.0,553.4145568476549
283,Clermont-Ferrand,45.778945,3.100543,Troyes,48.296069,4.065281,Clermont-Ferrand Train Station,Troyes Train Station,26460,26460,Train,289.9,180.0,83.99999999999999,264.0,26724.0,2.5171240000000026,0.9647379999999997,415.0,159.40171708117026
284,Clermont-Ferrand,45.778945,3.100543,Perpignan,42.696096,2.879355,Clermont-Ferrand Train Station,Perpignan Train Station,27930,27930,Train,342.1,180.0,156.0,336.0,28266.0,-3.082849000000003,-0.22118800000000016,-469.8921056922118,-33.713780685933344
285,Clermont-Ferrand,45.778945,3.100543,Béziers,43.336295,3.218895,Clermont-Ferrand Train Station,Béziers Train Station,23340,23340,Train,270.4,180.0,96.0,276.0,23616.0,-2.4426500000000004,0.11835199999999979,-393.1387992948976,19.04847733983566
286,Clermont-Ferrand,45.766988,3.134193,Arles,43.684863,4.632105,Clermont la Pardieu,Arles Train Station,20820,20820,Train,260.0,504.00000000000006,96.0,600.0,21420.0,-2.082124999999998,1.4979120000000004,-289.79812474514256,208.48512391582955
287,Clermont-Ferrand,45.778945,3.100543,Dax,43.720472,-1.050301,Clermont-Ferrand Train Station,Dax Train Station,31620,31620,Train,401.2,180.0,156.0,336.0,31956.0,-2.0584729999999993,-4.150844,-236.62602595829108,-477.14870201980654
288,Clermont-Ferrand,45.778945,3.100543,Montluçon,46.338101,2.596159,Clermont-Ferrand Train Station,Montluçon - ville,5850,5850,Train,75.9,180.0,108.00000000000001,288.0,6138.0,0.5591560000000015,-0.5043839999999999,75.0,-68.52088202223892
289,Clermont-Ferrand,45.778945,3.100543,Albi,43.938137,2.141209,Clermont-Ferrand Train Station,Albi Madeleine,25470,25470,Train,217.9,180.0,156.0,336.0,25806.0,-1.8408080000000027,-0.9593340000000001,-381.4125147730057,-198.77249199658308
290,Clermont-Ferrand,45.778945,3.100543,Marmande,44.503071,0.168091,Clermont-Ferrand Train Station,Marmande Train Station,31890,31890,Train,271.8,180.0,48.0,228.0,32118.0,-1.2758740000000017,-2.932452,-213.56405563571397,-490.8528131124703
291,Clermont-Ferrand,45.778945,3.100543,Vierzon,47.226474,2.059869,Clermont-Ferrand Train Station,Vierzon Train Station,11280,11280,Train,181.9,180.0,108.00000000000001,288.0,11568.0,1.447529000000003,-1.040674,156.0,-112.5437497250262
292,Clermont-Ferrand,45.778945,3.100543,Vendôme,47.801959,1.068219,Clermont-Ferrand Train Station,Vendôme Train Station,21120,21120,Train,275.6,180.0,120.0,300.0,21420.0,2.0230139999999963,-2.032324,251.0,-253.01598402674898
293,Clermont-Ferrand,45.778945,3.100543,Orléans,47.907891,1.904242,Clermont-Ferrand Train Station,Orléans Train Station,18480,18480,Train,255.8,180.0,83.99999999999999,264.0,18744.0,2.128945999999999,-1.196301,272.0,-153.03795798953203
294,Clermont-Ferrand,45.778945,3.100543,Saumur,47.268994,-0.07140299999999999,Clermont-Ferrand Train Station,Saumur Train Station,17310,17310,Train,296.7,180.0,144.0,324.0,17634.0,1.490048999999999,-3.171946,124.0,-266.0111782789578
295,Clermont-Ferrand,45.778945,3.100543,Sables-d'Olonne,46.500032,-1.781116,Clermont-Ferrand Train Station,Les Sables-d'Olonne,31860,31860,Train,387.4,180.0,0.0,180.0,32040.0,0.7210869999999971,-4.881659,78.0,-528.2678859645544
296,Clermont-Ferrand,45.778945,3.100543,Nantes,47.217491,-1.542077,Clermont-Ferrand Train Station,Nantes Train Station,21900,21900,Train,392.6,180.0,108.00000000000001,288.0,22188.0,1.4385460000000023,-4.64262,109.0,-353.2315116790325
297,Clermont-Ferrand,45.778945,3.100543,Guingamp,48.555659,-3.143343,Clermont-Ferrand Train Station,Guingamp Train Station,32220,32220,Train,566.7,180.0,108.00000000000001,288.0,32508.0,2.7767139999999984,-6.243886,220.0,-495.0544276903963
298,Clermont-Ferrand,45.778945,3.100543,Saint-Brieuc,48.50758,-2.765,Clermont-Ferrand Train Station,Saint-Brieuc Train Station,31200,31200,Train,540.1,180.0,96.0,276.0,31476.0,2.728634999999997,-5.865543000000001,221.0,-475.65115048960945
299,Clermont-Ferrand,45.778945,3.100543,Redon,47.652004,-2.08777,Clermont-Ferrand Train Station,Redon Train Station,27000,27000,Train,449.8,180.0,36.0,216.0,27216.0,1.8730589999999978,-5.188313,154.0,-426.64834198465775
300,Clermont-Ferrand,45.778945,3.100543,Saint-Lô,49.116975,-1.099525,Clermont-Ferrand Train Station,Saint-Lô Train Station,32940,32940,Train,489.9,180.0,83.99999999999999,264.0,33204.0,3.3380299999999963,-4.200068,344.0,-433.23878670195177
301,Clermont-Ferrand,45.778945,3.100543,Caen,49.176354,-0.347613,Clermont-Ferrand Train Station,Caen Train Station,29010,29010,Train,460.5,180.0,156.0,336.0,29346.0,3.3974090000000032,-3.448156,343.0,-348.40015137433664
302,Clermont-Ferrand,45.778945,3.100543,Havre,49.492624,0.124644,Clermont-Ferrand Train Station,Le Havre,28200,28200,Train,471.6,180.0,0.0,180.0,28380.0,3.713678999999999,-2.975899,369.0,-295.7810059140441
303,Clermont-Ferrand,45.778945,3.100543,Boulogne-sur-Mer,50.715613,1.609714,Clermont-Ferrand Train Station,Boulogne-Ville,26760,26760,Train,561.7,180.0,144.0,324.0,27084.0,4.936667999999997,-1.490829,432.0,-130.49791724350982
304,Clermont-Ferrand,45.778945,3.100543,Calais,50.953466,1.850885,Clermont-Ferrand Train Station,Calais Ville,25200,25200,Train,584.4,180.0,24.0,204.0,25404.0,5.174520999999999,-1.2496580000000002,411.0,-99.39457846260663
305,Clermont-Ferrand,45.778945,3.100543,Beauvais,49.426522,2.088609,Clermont-Ferrand Train Station,Beauvais - Gare SNCF,24330,24330,Train,414.4,180.0,72.0,252.0,24582.0,3.6475769999999983,-1.0119340000000001,394.0,-109.52488637111443
306,Clermont-Ferrand,45.778945,3.100543,Mulhouse,47.742691,7.34316,Clermont-Ferrand Train Station,Mulhouse-Ville,25620,25620,Train,388.6,180.0,60.0,240.0,25860.0,1.9637460000000004,4.242617,181.0,391.1332977723678
307,Clermont-Ferrand,45.778945,3.100543,Châlons-en-Champagne,48.955252,4.348656,Clermont-Ferrand Train Station,Châlons-en-Champagne Train Station,27660,27660,Train,366.1,180.0,132.0,312.0,27972.0,3.1763070000000013,1.248113,433.0,170.50004722629367
308,Clermont-Ferrand,45.778945,3.100543,Charleville-Mézières,49.76763,4.724344,Clermont-Ferrand Train Station,Charleville-Mézières Train Station,29340,29340,Train,460.4,180.0,83.99999999999999,264.0,29604.0,3.9886849999999967,1.6238010000000003,456.0,186.03851653708128
309,Clermont-Ferrand,45.778945,3.100543,Épinal,48.178005,6.441787,Clermont-Ferrand Train Station,Épinal Train Station,29460,29460,Train,367.2,180.0,83.99999999999999,264.0,29724.0,2.3990599999999986,3.3412439999999997,288.0,402.41272986340556
310,Clermont-Ferrand,45.778945,3.100543,Montpellier,43.595146,3.924009,Clermont-Ferrand Train Station,Montpellier Sud de France,17280,17280,Train,249.4,180.0,504.00000000000006,684.0,17964.0,-2.1837990000000005,0.8234659999999998,-280.1449564731073,105.63694127851679
311,Clermont-Ferrand,45.778945,3.100543,Annecy,45.902047,6.121826,Clermont-Ferrand Train Station,Annecy Train Station,17820,17820,Train,231.9,180.0,72.0,252.0,18072.0,0.12310200000000293,3.0212830000000004,12.0,300.95029223880255
312,Clermont-Ferrand,45.778945,3.100543,Saint-Étienne,45.442658,4.401156,Clermont-Ferrand Train Station,Saint-Etienne-Châteaucreux Gare Routière,6300,6300,Train,104.9,180.0,132.0,312.0,6612.0,-0.33628699999999867,1.3006130000000002,-27.586156460925395,106.69134909501025
313,Clermont-Ferrand,45.778945,3.100543,Beaune,47.023014,4.848423,Clermont-Ferrand Train Station,Beaune Train Station,14490,14490,Train,191.8,180.0,96.0,276.0,14766.0,1.2440690000000032,1.7478800000000003,142.0,200.49915371171184
314,Clermont-Ferrand,45.778945,3.100543,Dole,47.09615,5.48806,Clermont-Ferrand Train Station,Dole-Ville,21480,21480,Train,233.2,180.0,72.0,252.0,21732.0,1.3172050000000013,2.387517,174.0,317.13680801596036
315,Clermont-Ferrand,45.778945,3.100543,Bayonne,43.496793,-1.470368,Clermont-Ferrand Train Station,Bayonne Train Station,33720,33720,Train,443.1,180.0,48.0,228.0,33948.0,-2.2821520000000035,-4.570911,-252.74072872331516,-506.2131606787872
316,Clermont-Ferrand,45.778945,3.100543,Pau,43.291711,-0.369675,Clermont-Ferrand Train Station,Pau Train Station,35040,35040,Train,391.0,180.0,60.0,240.0,35280.0,-2.487234000000001,-3.470218,-342.54337771475406,-477.9205314524239
317,Clermont-Ferrand,45.778945,3.100543,Montauban,44.01444,1.341499,Clermont-Ferrand Train Station,Montauban Ville Bourbon,31530,31530,Train,240.7,180.0,132.0,312.0,31842.0,-1.7645049999999998,-1.759044,-375.84271945763993,-374.6795166948492
318,Clermont-Ferrand,45.778945,3.100543,Brive-la-Gaillarde,45.152601,1.528634,Clermont-Ferrand Train Station,Brive-la-Gaillarde Train Station,20760,20760,Train,142.6,180.0,83.99999999999999,264.0,21024.0,-0.6263440000000031,-1.571909,-129.7032382402382,-325.5107217742543
319,Clermont-Ferrand,45.778945,3.100543,Bordeaux,44.825873,-0.556697,Clermont-Ferrand Train Station,Bordeaux Saint-Jean,27720,27720,Train,307.0,180.0,300.0,480.0,28200.0,-0.9530719999999988,-3.65724,-118.52294621257576,-454.8101925211119
320,Clermont-Ferrand,45.778945,3.100543,Niort,46.319491,-0.454639,Clermont-Ferrand Train Station,Niort Train Station,25200,25200,Train,283.7,180.0,108.00000000000001,288.0,25488.0,0.5405459999999991,-3.5551820000000003,63.0,-419.9733599219886
321,Clermont-Ferrand,45.778945,3.100543,Argentan,48.738545,-0.025291,Clermont-Ferrand Train Station,Argentan Train Station,30120,30120,Train,407.4,180.0,60.0,240.0,30360.0,2.959600000000002,-3.1258340000000002,347.0,-367.43277557014693
322,Clermont-Ferrand,45.778945,3.100543,Bernay,49.087116,0.595688,Clermont-Ferrand Train Station,Bernay Train Station,27780,27780,Train,415.6,180.0,48.0,228.0,28008.0,3.3081710000000015,-2.504855,372.0,-281.7853298193617
323,Clermont-Ferrand,45.778945,3.100543,Dieppe,49.921788,1.081133,Clermont-Ferrand Train Station,Dieppe Train Station,28680,28680,Train,486.7,180.0,36.0,216.0,28896.0,4.142842999999999,-2.01941,432.0,-211.01912400708304
324,Clermont-Ferrand,45.778945,3.100543,Mans,47.995615,0.192614,Clermont-Ferrand Train Station,Le Mans,22320,22320,Train,333.7,180.0,0.0,180.0,22500.0,2.2166700000000006,-2.907929,227.0,-298.23225298393373
325,Clermont-Ferrand,45.778945,3.100543,Chartres,48.447281,1.480992,Clermont-Ferrand Train Station,Chartres Gare Rue Nicole,24780,24780,Train,323.2,180.0,83.99999999999999,264.0,25044.0,2.6683359999999965,-1.619551,356.0,-216.57162686683833
326,Clermont-Ferrand,45.778945,3.100543,Lens,50.426866,2.828301,Clermont-Ferrand Train Station,Lens Train Station,25500,25500,Train,518.7,180.0,48.0,228.0,25728.0,4.647920999999997,-0.2722419999999999,428.0,-25.073066714700065
327,Clermont-Ferrand,45.778945,3.100543,Laon,49.570578,3.62434,Clermont-Ferrand Train Station,Laon Train Station,25410,25410,Train,424.5,180.0,83.99999999999999,264.0,25674.0,3.7916329999999974,0.5237970000000001,423.0,58.5563461784417
328,Clermont-Ferrand,45.778945,3.100543,Saint-Quentin,49.840025,3.296958,Clermont-Ferrand Train Station,Saint-Quentin Train Station,23460,23460,Train,453.1,180.0,120.0,300.0,23760.0,4.061079999999997,0.196415,395.0,19.130262797918878
329,Clermont-Ferrand,45.778945,3.100543,Saint-Omer,50.753618,2.266719,Clermont-Ferrand Train Station,Saint-Omer Train Station,26520,26520,Train,558.2,180.0,120.0,300.0,26820.0,4.974673000000003,-0.8338239999999999,440.0,-73.8925884042273
330,Clermont-Ferrand,45.778945,3.100543,Metz,49.109466,6.177052,Clermont-Ferrand Train Station,Metz Ville,29520,29520,Train,436.4,180.0,132.0,312.0,29832.0,3.3305209999999974,3.0765089999999997,365.0,337.37003635790467
