,h_depart,h_arrive,station_orig,station_orig_lat,station_orig_lon,duration,nb_transfers,station_dest,station_dest_lat,station_dest_lon,waiting_time,total_time,depart,arrival
0,2023-01-03 16:14:00,2023-01-03 21:42:00,Paris Gare de Lyon Hall 1 &2,48.844945,2.373481,19680,1,Aigle,46.31685,6.96367,5477,25157,Paris,Aigle
1,2023-01-03 15:54:30,2023-01-03 18:35:00,Paris Gare du Nord,48.880136,2.354851,9630,0,Aix la Chapelle,50.7675,6.0912,4307,13937,Paris,Aix la Chapelle
2,2023-01-03 16:14:00,2023-01-03 20:18:00,Paris Gare de Lyon Hall 1 &2,48.844945,2.373481,14640,1,Allaman,46.47575,6.3997,5477,20117,Paris,Allaman
3,2023-01-03 16:24:30,2023-01-03 19:44:00,Paris Gare du Nord,48.880136,2.354851,11970,0,Amsterdam Centraal,52.37908,4.900632,6107,18077,Paris,Amsterdam Centraal
4,2023-01-03 16:24:30,2023-01-03 18:27:00,Paris Gare du Nord,48.880136,2.354851,7350,0,Antwerpen Centraal,51.216,4.421,6107,13457,Paris,Antwerpen Centraal
5,2023-01-03 15:21:00,2023-01-03 17:45:00,Paris Est,48.876742,2.358424,8640,1,Appenweier,48.5419,7.9735,2297,10937,Paris,Appenweier
6,2023-01-03 15:55:00,2023-01-03 21:04:00,Paris Est,48.876742,2.358424,18540,0,Augsburg Hbf,48.3654,10.886,4337,22877,Paris,Augsburg Hbf
7,2023-01-04 10:55:00,2023-01-04 14:22:00,Paris Est,48.876742,2.358424,12420,1,Baden-Baden,48.7903,8.190899999999999,72737,85157,Paris,Baden-Baden
8,2023-01-03 15:21:00,2023-01-03 18:45:00,Paris Est,48.876742,2.358424,12240,2,Bâle Saint-Jean,47.57031,7.572745,2297,14537,Paris,Bâle Saint-Jean
9,2023-01-03 16:19:00,2023-01-03 19:44:00,Paris Gare de Lyon Hall 1 &2,48.844945,2.373481,12300,1,Bâle Saint-Jean,47.57031,7.572745,5777,18077,Paris,Bâle Saint-Jean
10,2023-01-03 15:21:00,2023-01-03 18:38:00,Paris Est,48.876742,2.358424,11820,1,Basel SBB,47.5474,7.58956,2297,14117,Paris,Basel SBB
11,2023-01-03 16:19:00,2023-01-03 19:26:00,Paris Gare de Lyon Hall 1 &2,48.844945,2.373481,11220,0,Basel SBB,47.5474,7.58956,5777,16997,Paris,Basel SBB
12,2023-01-03 14:54:00,2023-01-03 21:25:00,Paris Gare de Lyon Hall 1 &2,48.844945,2.373481,23460,0,Barcelone-Sants,41.378961,2.139834,677,24137,Paris,Barcelone-Sants
13,2023-01-03 15:24:00,2023-01-03 18:50:00,Paris Est,48.876742,2.358424,12360,2,Bascharage secteur Sanem,49.5585,5.9249,2477,14837,Paris,Bascharage secteur Sanem
14,2023-01-03 16:19:00,2023-01-03 19:58:30,Paris Gare de Lyon Hall 1 &2,48.844945,2.373481,13170,1,Bassecourt,47.33668,7.24685,5777,18947,Paris,Bassecourt
15,2023-01-03 16:19:00,2023-01-03 20:01:00,Paris Gare de Lyon Hall 1 &2,48.844945,2.373481,13320,1,Courfaivre,47.33508,7.29117,5777,19097,Paris,Courfaivre
16,2023-01-03 16:19:00,2023-01-03 19:55:00,Paris Gare de Lyon Hall 1 &2,48.844945,2.373481,12960,1,Glovelier,47.3352,7.20931,5777,18737,Paris,Glovelier
17,2023-01-03 15:21:00,2023-01-03 18:39:00,Paris Est,48.876742,2.358424,11880,2,Berg (Pfalz),48.9807,8.2128,2297,14177,Paris,Berg (Pfalz)
18,2023-01-03 15:24:00,2023-01-03 18:04:00,Paris Est,48.876742,2.358424,9600,1,Bettembourg,49.516111,6.101111,2477,12077,Paris,Bettembourg
19,2023-01-03 16:14:00,2023-01-03 21:48:00,Paris Gare de Lyon Hall 1 &2,48.844945,2.373481,20040,1,Bex,46.25146,7.00067,5477,25517,Paris,Bex
20,2023-01-03 16:19:00,2023-01-03 20:41:00,Paris Gare de Lyon Hall 1 &2,48.844945,2.373481,15720,1,Biel/Bienne,47.13289,7.24292,5777,21497,Paris,Biel/Bienne
21,2023-01-03 16:19:00,2023-01-03 19:23:00,Paris Gare de Lyon Hall 1 &2,48.844945,2.373481,11040,1,Boncourt,47.49263,7.01656,5777,16817,Paris,Boncourt
22,2023-01-03 15:54:30,2023-01-03 17:17:00,Paris Gare du Nord,48.880136,2.354851,4950,0,Bruxelles Midi,50.836,4.336,4307,9257,Paris,Bruxelles Midi
23,2023-01-03 16:19:00,2023-01-03 19:25:00,Paris Gare de Lyon Hall 1 &2,48.844945,2.373481,11160,1,Buix,47.47933,7.02998,5777,16937,Paris,Buix
24,2023-01-03 16:19:00,2023-01-03 19:29:30,Paris Gare de Lyon Hall 1 &2,48.844945,2.373481,11430,1,Courtemaîche,47.45587,7.05539,5777,17207,Paris,Courtemaîche
25,2023-01-03 16:14:00,2023-01-03 19:50:00,Paris Gare de Lyon Hall 1 &2,48.844945,2.373481,12960,1,Chambésy,46.242378,6.147342,5477,18437,Paris,Chambésy
26,2023-01-03 17:19:00,2023-01-03 20:48:00,Paris Gare du Nord,48.880136,2.354851,12540,1,Charleroi-Central,50.404393,4.438504,9377,21917,Paris,Charleroi Sud
27,2023-01-03 16:14:00,2023-01-03 20:04:00,Paris Gare de Lyon Hall 1 &2,48.844945,2.373481,13800,1,Chêne-Bourg,46.196607,6.197253,5477,19277,Paris,Chêne-Bourg
28,2023-01-03 15:54:30,2023-01-03 20:18:00,Paris Gare du Nord,48.880136,2.354851,15810,0,Cologne,50.9428,6.9591,4307,20117,Paris,Cologne
29,2023-01-03 16:14:00,2023-01-03 19:59:00,Paris Gare de Lyon Hall 1 &2,48.844945,2.373481,13500,1,Coppet,46.317378,6.187829,5477,18977,Paris,Coppet
30,2023-01-03 16:19:00,2023-01-03 19:33:00,Paris Gare de Lyon Hall 1 &2,48.844945,2.373481,11640,1,Courchavon,47.43977,7.05765,5777,17417,Paris,Courchavon
31,2023-01-03 16:19:00,2023-01-03 19:44:00,Paris Gare de Lyon Hall 1 &2,48.844945,2.373481,12300,1,Courgenay,47.40522,7.12421,5777,18077,Paris,Courgenay
32,2023-01-03 16:19:00,2023-01-03 20:05:00,Paris Gare de Lyon Hall 1 &2,48.844945,2.373481,13560,1,Courtételle,47.34282,7.31794,5777,19337,Paris,Courtételle
33,2023-01-03 14:46:00,2023-01-03 16:45:00,Paris Gare du Nord,48.880136,2.354851,7140,1,Courtrai,50.824,3.26,197,7337,Paris,Courtrai
34,2023-01-03 16:14:00,2023-01-03 19:58:00,Paris Gare de Lyon Hall 1 &2,48.844945,2.373481,13440,1,Creux-de-Genthod,46.263758,6.161319,5477,18917,Paris,Creux-de-Genthod
35,2023-01-03 16:14:00,2023-01-03 19:55:00,Paris Gare de Lyon Hall 1 &2,48.844945,2.373481,13260,1,Genthod-Bellevue,46.256728,6.153962,5477,18737,Paris,Genthod-Bellevue
36,2023-01-03 16:19:00,2023-01-03 20:09:00,Paris Gare de Lyon Hall 1 &2,48.844945,2.373481,13800,1,Delemont,47.362,7.35007,5777,19577,Paris,Delemont
37,2023-01-03 15:24:00,2023-01-03 18:44:00,Paris Est,48.876742,2.358424,12000,2,Dippach secteur Reckange,49.57252,5.99512,2477,14477,Paris,Dippach secteur Reckange
38,2023-01-03 15:55:00,2023-01-03 20:13:00,Paris Est,48.876742,2.358424,15480,2,Edenkoben,49.28185,8.140549999999999,4337,19817,Paris,Edenkoben
39,2023-01-03 14:54:00,2023-01-03 20:27:00,Paris Gare de Lyon Hall 1 &2,48.844945,2.373481,19980,0,FIGUERES-VILAFANT,42.264581,2.943028,677,20657,Paris,FIGUERES-VILAFANT
40,2023-01-03 15:21:00,2023-01-03 18:59:00,Paris Est,48.876742,2.358424,13080,0,Francfort sur le Main,50.1073,8.6624,2297,15377,Paris,Francfort sur le Main
41,2023-01-03 17:25:00,2023-01-03 20:26:00,Paris Est,48.876742,2.358424,10860,0,Freiburg (Breisgau) Hbf,47.9979,7.8416,9737,20597,Paris,Freiburg (Breisgau) Hbf
42,2023-01-03 14:46:00,2023-01-03 16:31:00,Paris Gare du Nord,48.880136,2.354851,6300,1,FROYENNES,50.629,3.355,197,6497,Paris,FROYENNES
43,2023-01-03 14:46:00,2023-01-03 16:36:00,Paris Gare du Nord,48.880136,2.354851,6600,1,Tournai,50.613,3.396,197,6797,Paris,Tournai
44,2023-01-03 16:14:00,2023-01-03 19:30:00,Paris Gare de Lyon Hall 1 &2,48.844945,2.373481,11760,0,Genève,46.21022,6.14244,5477,17237,Paris,Genève
45,2023-01-03 16:14:00,2023-01-03 19:58:00,Paris Gare de Lyon Hall 1 &2,48.844945,2.373481,13440,1,Genève-Champel,46.192191,6.153505,5477,18917,Paris,Genève-Champel
46,2023-01-03 16:14:00,2023-01-03 19:54:00,Paris Gare de Lyon Hall 1 &2,48.844945,2.373481,13200,1,Genève-Eaux-Vives,46.201444,6.16658,5477,18677,Paris,Genève-Eaux-Vives
47,2023-01-03 16:14:00,2023-01-03 19:47:00,Paris Gare de Lyon Hall 1 &2,48.844945,2.373481,12780,1,Genève-Sécheron,46.222438,6.144557,5477,18257,Paris,Genève-Sécheron
48,2023-01-03 14:54:00,2023-01-03 20:44:00,Paris Gare de Lyon Hall 1 &2,48.844945,2.373481,21000,0,GIRONA,41.979371,2.816957,677,21677,Paris,GIRONA
49,2023-01-03 16:14:00,2023-01-03 20:09:00,Paris Gare de Lyon Hall 1 &2,48.844945,2.373481,14100,1,Gland,46.419995,6.269138,5477,19577,Paris,Gland
50,2023-01-03 16:19:00,2023-01-03 20:29:00,Paris Gare de Lyon Hall 1 &2,48.844945,2.373481,15000,1,Grenchen Nord,47.1918,7.38947,5777,20777,Paris,Grenchen Nord
51,2023-01-03 15:21:00,2023-01-03 18:52:00,Paris Est,48.876742,2.358424,12660,2,Hagenbach,49.016,8.253,2297,14957,Paris,Hagenbach
52,2023-01-03 15:24:00,2023-01-03 18:17:00,Paris Est,48.876742,2.358424,10380,1,Howald,49.58032,6.13232,2477,12857,Paris,Howald
53,2023-01-03 17:10:00,2023-01-03 19:35:00,Paris Est,48.876742,2.358424,8700,0,Kaiserslautern Hbf,49.4359,7.7688,8837,17537,Paris,Kaiserslautern Hbf
54,2023-01-03 15:21:00,2023-01-03 17:53:00,Paris Est,48.876742,2.358424,9120,0,Karlsruhe Hbf,48.9935,8.401899999999999,2297,11417,Paris,Karlsruhe Hbf
55,2023-01-03 15:21:00,2023-01-03 17:31:00,Paris Est,48.876742,2.358424,7800,1,Kehl,48.5767,7.8063,2297,10097,Paris,Kehl
56,2023-01-03 15:21:00,2023-01-03 17:37:00,Paris Est,48.876742,2.358424,8160,1,Kork,48.5702,7.8744,2297,10457,Paris,Kork
57,2023-01-03 16:43:00,2023-01-03 21:23:00,Paris Gare de Lyon Hall 1 &2,48.844945,2.373481,16800,1,La Chaux-de-Fonds,47.09865,6.82603,7217,24017,Paris,La Chaux-de-Fonds
58,2023-01-03 16:43:00,2023-01-03 21:18:00,Paris Gare de Lyon Hall 1 &2,48.844945,2.373481,16500,1,Le Crêt-du-Locle,47.0776,6.78519,7217,23717,Paris,Le Crêt-du-Locle
59,2023-01-03 17:25:00,2023-01-03 19:54:00,Paris Est,48.876742,2.358424,8940,0,Lahr (Schwarzw),48.3406,7.8353,9737,18677,Paris,Lahr (Schwarzw)
60,2023-01-03 16:14:00,2023-01-03 19:54:00,Paris Gare de Lyon Hall 1 &2,48.844945,2.373481,13200,1,Lancy-Bachet,46.174333,6.129372,5477,18677,Paris,Lancy-Bachet
61,2023-01-03 16:14:00,2023-01-03 19:47:00,Paris Gare de Lyon Hall 1 &2,48.844945,2.373481,12780,1,Lancy-Pont-Rouge,46.188897,6.125333,5477,18257,Paris,Lancy-Pont-Rouge
62,2023-01-03 15:55:00,2023-01-03 20:02:00,Paris Est,48.876742,2.358424,14820,2,Landau (Pfalz) Hbf,49.1982,8.125999999999999,4337,19157,Paris,Landau (Pfalz) Hbf
63,2023-01-03 16:14:00,2023-01-03 20:14:00,Paris Gare de Lyon Hall 1 &2,48.844945,2.373481,14400,0,Lausanne,46.51679,6.62909,5477,19877,Paris,Lausanne
64,2023-01-03 16:43:00,2023-01-03 21:14:00,Paris Gare de Lyon Hall 1 &2,48.844945,2.373481,16260,1,Le Locle,47.05786,6.74616,7217,23477,Paris,Le Locle
65,2023-01-03 16:43:00,2023-01-03 21:09:30,Paris Gare de Lyon Hall 1 &2,48.844945,2.373481,15990,1,Le Locle Col des Roches,47.049887,6.7258,7217,23207,Paris,Le Locle Col des Roches
66,2023-01-03 15:21:00,2023-01-03 17:41:00,Paris Est,48.876742,2.358424,8400,1,Legelshurst,48.5585,7.9138,2297,10697,Paris,Legelshurst
67,2023-01-03 16:14:00,2023-01-03 19:52:00,Paris Gare de Lyon Hall 1 &2,48.844945,2.373481,13080,1,Les Tuileries,46.249945,6.147342,5477,18557,Paris,Les Tuileries
68,2023-01-03 15:54:30,2023-01-03 18:10:00,Paris Gare du Nord,48.880136,2.354851,8130,0,Liege-Guil,50.622,5.568,4307,12437,Paris,Liege-Guil
69,2023-01-03 15:12:30,2023-01-03 17:30:00,Paris Gare du Nord,48.880136,2.354851,8250,0,Londres Saint Pancras,51.5338,-0.12807,1787,10037,Paris,Londres Saint Pancras
70,2023-01-03 15:24:00,2023-01-03 18:15:00,Paris Est,48.876742,2.358424,10260,1,Luxembourg,49.599722,6.134722,2477,12737,Paris,Luxembourg
71,2023-01-03 17:40:00,2023-01-03 19:52:00,Paris Est,48.876742,2.358424,7920,0,Luxembourg,49.599722,6.134722,10637,18557,Paris,Luxembourg
72,2023-01-03 15:24:00,2023-01-03 18:36:00,Paris Est,48.876742,2.358424,11520,2,Luxembourg secteur Hollerich,49.59586,6.11878,2477,13997,Paris,Luxembourg secteur Hollerich
73,2023-01-03 15:21:00,2023-01-03 18:18:00,Paris Est,48.876742,2.358424,10620,0,Mannheim Hbf,49.4794,8.4696,2297,12917,Paris,Mannheim Hbf
74,2023-01-03 15:21:00,2023-01-03 19:03:00,Paris Est,48.876742,2.358424,13320,2,Woerth (Rhein),49.0457,8.273199999999999,2297,15617,Paris,Woerth (Rhein)
75,2023-01-03 16:14:00,2023-01-03 19:50:00,Paris Gare de Lyon Hall 1 &2,48.844945,2.373481,12960,1,Meyrin,46.22235,6.0769,5477,18437,Paris,Meyrin
76,2023-01-03 16:14:00,2023-01-03 19:48:00,Paris Gare de Lyon Hall 1 &2,48.844945,2.373481,12840,1,Zimeysa,46.221263,6.065739,5477,18317,Paris,Zimeysa
77,2023-01-03 16:14:00,2023-01-03 20:06:00,Paris Gare de Lyon Hall 1 &2,48.844945,2.373481,13920,1,Mies,46.299879,6.169566,5477,19397,Paris,Mies
78,2023-01-03 14:45:00,2023-01-03 21:49:00,Paris Gare de Lyon Hall 1 &2,48.844945,2.373481,25440,0,MILANO PORTA GARIBALDI,45.484916,9.187694,137,25577,Paris,MILANO PORTA GARIBALDI
79,2023-01-03 20:50:00,2023-01-04 09:41:00,Paris Austerlitz,48.842285,2.364891,46260,1,Monaco-Monte-Carlo,43.738414,7.419747,22037,68297,Paris,Monaco-Monte-Carlo
80,2023-01-03 16:14:00,2023-01-03 21:31:00,Paris Gare de Lyon Hall 1 &2,48.844945,2.373481,19020,1,Montreux,46.43588,6.91043,5477,24497,Paris,Montreux
81,2023-01-03 16:14:00,2023-01-03 20:24:00,Paris Gare de Lyon Hall 1 &2,48.844945,2.373481,15000,1,Morges,46.5111,6.49396,5477,20477,Paris,Morges
82,2023-01-03 14:46:00,2023-01-03 16:29:00,Paris Gare du Nord,48.880136,2.354851,6180,1,Mouscron,50.738,3.225,197,6377,Paris,Mouscron
83,2023-01-03 16:19:00,2023-01-03 20:21:00,Paris Gare de Lyon Hall 1 &2,48.844945,2.373481,14520,1,Moutier,47.28067,7.38105,5777,20297,Paris,Moutier
84,2023-01-03 15:21:00,2023-01-03 18:55:00,Paris Est,48.876742,2.358424,12840,2,Muellheim (Baden),47.81,7.5996,2297,15137,Paris,Muellheim (Baden)
85,2023-01-03 16:19:00,2023-01-03 20:53:00,Paris Gare de Lyon Hall 1 &2,48.844945,2.373481,16440,1,Muellheim (Baden),47.81,7.5996,5777,22217,Paris,Muellheim (Baden)
86,2023-01-03 15:55:00,2023-01-03 21:36:00,Paris Est,48.876742,2.358424,20460,0,Munich,48.1401,11.5587,4337,24797,Paris,Munich
87,2023-01-03 15:21:00,2023-01-03 18:46:00,Paris Est,48.876742,2.358424,12300,2,Neuburg (Rhein),48.9921,8.238099999999999,2297,14597,Paris,Neuburg (Rhein)
88,2023-01-03 17:47:00,2023-01-03 21:53:00,Paris Gare de Lyon Hall 1 &2,48.844945,2.373481,14760,1,Neuchatel,46.99673,6.93571,11057,25817,Paris,Neuchatel
89,2023-01-03 16:19:00,2023-01-03 20:47:00,Paris Gare de Lyon Hall 1 &2,48.844945,2.373481,16080,1,Neuenburg (Baden),47.8115,7.5628,5777,21857,Paris,Neuenburg (Baden)
90,2023-01-03 15:55:00,2023-01-03 20:24:00,Paris Est,48.876742,2.358424,16140,2,Neustadt (Weinstr) Hbf,49.3496,8.1403,4337,20477,Paris,Neustadt (Weinstr) Hbf
91,2023-01-03 15:55:00,2023-01-03 20:20:00,Paris Est,48.876742,2.358424,15900,2,Neustadt (Weinstraße) Süd,49.341274,8.157026999999999,4337,20237,Paris,Neustadt (Weinstra_e) Süd
92,2023-01-03 16:14:00,2023-01-03 20:05:00,Paris Gare de Lyon Hall 1 &2,48.844945,2.373481,13860,1,Nyon,46.38442,6.23596,5477,19337,Paris,Nyon
93,2023-01-03 15:21:00,2023-01-03 17:52:00,Paris Est,48.876742,2.358424,9060,1,Offenburg,48.4765,7.9468,2297,11357,Paris,Offenburg
94,2023-01-03 17:25:00,2023-01-03 19:39:00,Paris Est,48.876742,2.358424,8040,0,Offenburg,48.4765,7.9468,9737,17777,Paris,Offenburg
95,2023-01-03 14:45:00,2023-01-03 19:23:00,Paris Gare de Lyon Hall 1 &2,48.844945,2.373481,16680,0,OULX CESANA CLAVIERE SESTRIERE,45.038795,6.831431,137,16817,Paris,OULX CESANA CLAVIERE SESTRIERE
96,2023-01-03 16:15:30,2023-01-03 19:10:34,Paris Est,48.876742,2.358424,10504,2,Perl Gare Routière,49.473147,6.369671,5567,16071,Paris,Perl
97,2023-01-03 16:15:30,2023-01-03 19:10:00,Paris Est,48.876742,2.358424,10470,2,Perl Gare Routière,49.473147,6.369671,5567,16037,Paris,Perl Gare Routière
98,2023-01-03 15:24:00,2023-01-03 18:54:00,Paris Est,48.876742,2.358424,12600,2,Petange,49.55419,5.8786,2477,15077,Paris,Petange
99,2023-01-03 15:24:00,2023-01-03 18:58:00,Paris Est,48.876742,2.358424,12840,2,Rodange,49.550911,5.843642,2477,15317,Paris,Rodange
100,2023-01-03 16:14:00,2023-01-03 20:02:00,Paris Gare de Lyon Hall 1 &2,48.844945,2.373481,13680,1,Pont-Céard,46.28739,6.162667,5477,19157,Paris,Pont-Céard
101,2023-01-03 16:14:00,2023-01-03 20:01:00,Paris Gare de Lyon Hall 1 &2,48.844945,2.373481,13620,1,Versoix,46.279717,6.165748,5477,19097,Paris,Versoix
102,2023-01-03 16:19:00,2023-01-03 19:38:00,Paris Gare de Lyon Hall 1 &2,48.844945,2.373481,11940,1,Porrentruy,47.42091,7.08009,5777,17717,Paris,Porrentruy
103,2023-01-03 21:14:00,2023-01-04 09:47:00,Paris Austerlitz,48.842285,2.364891,45180,2,Portbou,42.424701,3.158034,23477,68657,Paris,Portbou
104,2023-01-04 06:49:00,2023-01-04 13:47:00,Paris Gare de Lyon Hall 1 &2,48.844945,2.373481,25080,1,Portbou,42.424701,3.158034,57977,83057,Paris,Portbou
105,2023-01-03 16:14:00,2023-01-03 20:31:00,Paris Gare de Lyon Hall 1 &2,48.844945,2.373481,15420,1,Renens VD,46.53704,6.57893,5477,20897,Paris,Renens VD
106,2023-01-03 17:25:00,2023-01-03 20:02:00,Paris Est,48.876742,2.358424,9420,0,Ringsheim,48.2489,7.7732,9737,19157,Paris,Ringsheim
107,2023-01-03 16:14:00,2023-01-03 20:14:00,Paris Gare de Lyon Hall 1 &2,48.844945,2.373481,14400,1,Rolle,46.46275,6.3364,5477,19877,Paris,Rolle
108,2023-01-03 16:24:30,2023-01-03 19:02:00,Paris Gare du Nord,48.880136,2.354851,9450,0,Rotterdam Centraal,51.924845,4.469313,6107,15557,Paris,Rotterdam Centraal
109,2023-01-03 16:14:00,2023-01-03 19:41:30,Paris Gare de Lyon Hall 1 &2,48.844945,2.373481,12450,1,Russin,46.187771,6.017553,5477,17927,Paris,Russin
110,2023-01-03 15:24:00,2023-01-03 18:42:00,Paris Est,48.876742,2.358424,11880,2,Sarrebruck,49.241,6.991,2477,14357,Paris,Sarrebruck
111,2023-01-03 17:10:00,2023-01-03 18:57:00,Paris Est,48.876742,2.358424,6420,0,Sarrebruck,49.241,6.991,8837,15257,Paris,Sarrebruck
112,2023-01-03 16:14:00,2023-01-03 19:45:00,Paris Gare de Lyon Hall 1 &2,48.844945,2.373481,12660,1,Satigny,46.21424,6.03749,5477,18137,Paris,Satigny
113,2023-01-03 16:24:30,2023-01-03 19:25:00,Paris Gare du Nord,48.880136,2.354851,10830,0,Schiphol Airport,52.309636,4.761985,6107,16937,Paris,Schiphol Airport
114,2023-01-03 16:14:00,2023-01-03 21:53:00,Paris Gare de Lyon Hall 1 &2,48.844945,2.373481,20340,1,St-Maurice,46.21637,7.00204,5477,25817,Paris,St-Maurice
115,2023-01-03 16:19:00,2023-01-03 19:49:00,Paris Gare de Lyon Hall 1 &2,48.844945,2.373481,12600,1,St-Ursanne,47.36769,7.16596,5777,18377,Paris,St-Ursanne
116,2023-01-03 15:55:00,2023-01-03 19:04:00,Paris Est,48.876742,2.358424,11340,0,Stuttgart Hbf,48.7846,9.1837,4337,15677,Paris,Stuttgart Hbf
117,2023-01-03 16:14:00,2023-01-03 20:08:00,Paris Gare de Lyon Hall 1 &2,48.844945,2.373481,14040,1,Tannay,46.307636,6.181127,5477,19517,Paris,Tannay
118,2023-01-03 17:47:00,2023-01-03 21:28:00,Paris Gare de Lyon Hall 1 &2,48.844945,2.373481,13260,1,Travers,46.94241,6.67657,11057,24317,Paris,Travers
119,2023-01-03 14:45:00,2023-01-03 20:22:00,Paris Gare de Lyon Hall 1 &2,48.844945,2.373481,20220,0,Turin Porta Susa,45.074118,7.666675,137,20357,Paris,Turin Porta Susa
120,2023-01-03 15:55:00,2023-01-03 20:21:00,Paris Est,48.876742,2.358424,15960,0,Ulm Hbf,48.3996,9.982799999999999,4337,20297,Paris,Ulm Hbf
121,2023-01-03 17:47:00,2023-01-03 20:57:30,Paris Gare de Lyon Hall 1 &2,48.844945,2.373481,11430,0,Vallorbe,46.71242,6.37057,11057,22487,Paris,Vallorbe
122,2023-01-03 20:50:00,2023-01-04 10:12:00,Paris Austerlitz,48.842285,2.364891,48120,1,VENTIMIGLIA,43.792569,7.610233,22037,70157,Paris,VENTIMIGLIA
123,2023-01-03 16:14:00,2023-01-03 19:52:30,Paris Gare de Lyon Hall 1 &2,48.844945,2.373481,13110,1,Vernier,46.22071,6.093892,5477,18587,Paris,Vernier
124,2023-01-03 16:14:00,2023-01-03 21:25:00,Paris Gare de Lyon Hall 1 &2,48.844945,2.373481,18660,1,Vevey,46.463,6.84344,5477,24137,Paris,Vevey
125,2023-01-03 16:14:00,2023-01-03 21:36:00,Paris Gare de Lyon Hall 1 &2,48.844945,2.373481,19320,1,Villeneuve,46.39837,6.92699,5477,24797,Paris,Villeneuve
126,2023-01-03 15:55:00,2023-01-03 19:52:00,Paris Est,48.876742,2.358424,14220,2,Winden (Pfalz),49.0954,8.122400000000001,4337,18557,Paris,Winden (Pfalz)
127,2023-01-03 16:19:00,2023-01-03 20:26:00,Paris Gare de Lyon Hall 1 &2,48.844945,2.373481,14820,0,Zuerich HB,47.37817,8.540190000000001,5777,20597,Paris,Zuerich HB
128,2023-01-03 14:54:00,2023-01-03 18:11:30,Paris Gare de Lyon Hall 1 &2,48.844945,2.373481,11850,1,Nîmes Centre,43.832313,4.365872,677,12527,Paris,Nîmes
129,2023-01-03 15:58:30,2023-01-03 19:33:00,Paris Gare de Lyon Hall 1 &2,48.844945,2.373481,12870,1,Nîmes Centre,43.832313,4.365872,4547,17417,Paris,Nîmes
130,2023-01-03 16:53:00,2023-01-03 19:59:00,Paris Gare de Lyon Hall 1 &2,48.844945,2.373481,11160,0,Nîmes Centre,43.832313,4.365872,7817,18977,Paris,Nîmes
131,2023-01-03 14:59:00,2023-01-03 18:07:30,Paris Gare de Lyon Hall 1 &2,48.844945,2.373481,11310,1,Avignon TGV,43.92194,4.786136,977,12287,Paris,Avignon
132,2023-01-03 15:38:00,2023-01-03 18:17:00,Paris Gare de Lyon Hall 1 &2,48.844945,2.373481,9540,0,Avignon TGV,43.92194,4.786136,3317,12857,Paris,Avignon
133,2023-01-03 14:59:00,2023-01-03 20:01:00,Paris Gare de Lyon Hall 1 &2,48.844945,2.373481,18120,2,Toulon,43.128353,5.929404,977,19097,Paris,Toulon
134,2023-01-03 15:58:30,2023-01-03 20:11:00,Paris Gare de Lyon Hall 1 &2,48.844945,2.373481,15150,0,Toulon,43.128353,5.929404,4547,19697,Paris,Toulon
135,2023-01-03 16:14:00,2023-01-03 18:09:00,Paris Gare de Lyon Hall 1 &2,48.844945,2.373481,6900,0,Bourg-en-Bresse,46.200111,5.215011,5477,12377,Paris,Bourg-en-Bresse
136,2023-01-03 14:49:00,2023-01-03 17:21:00,Paris Gare de Lyon Hall 1 &2,48.844945,2.373481,9120,1,Chalon-sur-Saône,46.781622,4.843479,377,9497,Paris,Chalon-sur-Saône
137,2023-01-03 15:34:00,2023-01-03 19:20:00,Paris Bercy Bourg. Pays d'Auv.,48.839215,2.382791,13560,0,Chalon-sur-Saône,46.781622,4.843479,3077,16637,Paris,Chalon-sur-Saône
138,2023-01-03 14:49:00,2023-01-03 17:27:00,Paris Gare de Lyon Hall 1 &2,48.844945,2.373481,9480,0,Besançon Viotte,47.247049,6.021943,377,9857,Paris,Besançon
139,2023-01-03 14:49:00,2023-01-03 16:31:00,Paris Gare de Lyon Hall 1 &2,48.844945,2.373481,6120,0,Dijon,47.323411,5.027256,377,6497,Paris,Dijon
140,2023-01-03 18:10:00,2023-01-03 23:19:00,Paris Montparnasse Hall 1 &2,48.841172,2.320514,18540,0,Tarbes,43.239863,0.069442,12437,30977,Paris,Tarbes
141,2023-01-03 15:11:00,2023-01-03 20:28:30,Paris Montparnasse Hall 1 &2,48.841172,2.320514,19050,3,Cahors,44.449275,1.433325,1697,20747,Paris,Cahors
142,2023-01-03 16:11:00,2023-01-03 21:26:30,Paris Montparnasse Hall 1 &2,48.841172,2.320514,18930,2,Cahors,44.449275,1.433325,5297,24227,Paris,Cahors
143,2023-01-03 15:11:00,2023-01-03 21:26:30,Paris Montparnasse Hall 1 &2,48.841172,2.320514,22530,1,Cahors,44.449275,1.433325,1697,24227,Paris,Cahors
144,2023-01-03 21:14:00,2023-01-04 08:37:30,Paris Austerlitz,48.842285,2.364891,41010,1,Cahors,44.449275,1.433325,23477,64487,Paris,Cahors
145,2023-01-03 15:11:00,2023-01-03 20:46:00,Paris Montparnasse Hall 1 &2,48.841172,2.320514,20100,1,Muret,43.464824,1.324449,1697,21797,Paris,Muret
146,2023-01-03 16:06:00,2023-01-03 18:05:30,Paris Montparnasse Hall 1 &2,48.841172,2.320514,7170,0,Angoulême,45.653572,0.164608,4997,12167,Paris,Angoulême
147,2023-01-03 15:47:30,2023-01-03 17:09:30,Paris Montparnasse Hall 1 &2,48.841172,2.320514,4920,0,Angers Saint-Laud,47.464649,-0.55677,3887,8807,Paris,Angers
148,2023-01-03 15:47:30,2023-01-03 18:41:00,Paris Montparnasse Hall 1 &2,48.841172,2.320514,10410,1,Saint-Nazaire,47.286489,-2.211079,3887,14297,Paris,Saint-Nazaire
149,2023-01-03 17:51:00,2023-01-03 20:35:30,Paris Montparnasse Hall 1 &2,48.841172,2.320514,9870,0,Saint-Nazaire,47.286489,-2.211079,11297,21167,Paris,Saint-Nazaire
150,2023-01-03 14:43:00,2023-01-03 18:40:00,Paris Montparnasse Hall 1 &2,48.841172,2.320514,14220,0,Quimper,47.994455,-4.092103,17,14237,Paris,Quimper
151,2023-01-03 14:43:00,2023-01-03 18:37:00,Paris Montparnasse Hall 1 &2,48.841172,2.320514,14040,0,Brest,48.38762,-4.480306,17,14057,Paris,Brest
152,2023-01-03 16:08:00,2023-01-03 17:54:30,Paris Saint-Lazare,48.876242,2.325331,6390,0,Lisieux,49.138299,0.231143,5117,11507,Paris,Lisieux
153,2023-01-03 14:46:00,2023-01-03 17:22:00,Paris Gare du Nord,48.880136,2.354851,9360,1,Cambrai,50.176582,3.241197,197,9557,Paris,Cambrai
154,2023-01-03 18:19:00,2023-01-03 20:15:30,Paris Gare du Nord,48.880136,2.354851,6990,0,Cambrai,50.176582,3.241197,12977,19967,Paris,Cambrai
155,2023-01-03 14:46:00,2023-01-03 17:06:30,Paris Gare du Nord,48.880136,2.354851,8430,2,Arras,50.286971,2.781314,197,8627,Paris,Arras
156,2023-01-03 14:46:00,2023-01-03 17:30:00,Paris Gare du Nord,48.880136,2.354851,9840,1,Arras,50.286971,2.781314,197,10037,Paris,Arras
157,2023-01-03 16:52:00,2023-01-03 17:40:30,Paris Gare du Nord,48.880136,2.354851,2910,0,Arras,50.286971,2.781314,7757,10667,Paris,Arras
158,2023-01-03 14:59:00,2023-01-03 18:29:30,Paris Gare de Lyon Hall 1 &2,48.844945,2.373481,12630,1,Aix-en-Provence TGV,43.455237,5.317534,977,13607,Paris,Aix-en-Provence
159,2023-01-03 15:38:00,2023-01-03 18:41:00,Paris Gare de Lyon Hall 1 &2,48.844945,2.373481,10980,0,Aix-en-Provence TGV,43.455237,5.317534,3317,14297,Paris,Aix-en-Provence
160,2023-01-03 14:46:00,2023-01-03 15:48:00,Paris Gare du Nord,48.880136,2.354851,3720,0,Lille Flandres,50.636577,3.06987,197,3917,Paris,Lille
161,2023-01-03 15:37:00,2023-01-03 16:50:00,Paris Gare du Nord,48.880136,2.354851,4380,0,Compiègne,49.421977,2.823693,3257,7637,Paris,Compiègne
162,2023-01-03 15:12:00,2023-01-03 17:41:30,Paris Est,48.876742,2.358424,8970,0,Chaumont,48.10976,5.1346,1757,10727,Paris,Chaumont
163,2023-01-03 14:59:00,2023-01-03 20:31:00,Paris Gare de Lyon Hall 1 &2,48.844945,2.373481,19920,2,Gap,44.563714,6.085669,977,20897,Paris,Gap
164,2023-01-03 14:54:00,2023-01-03 20:31:00,Paris Gare de Lyon Hall 1 &2,48.844945,2.373481,20220,1,Gap,44.563714,6.085669,677,20897,Paris,Gap
165,2023-01-03 20:51:00,2023-01-04 06:53:00,Paris Austerlitz,48.842285,2.364891,36120,0,Gap,44.563714,6.085669,22097,58217,Paris,Gap
166,2023-01-03 14:59:00,2023-01-03 18:44:00,Paris Gare de Lyon Hall 1 &2,48.844945,2.373481,13500,1,Marseille Saint-Charles,43.302666,5.380407,977,14477,Paris,Marseille
167,2023-01-03 15:38:00,2023-01-03 18:56:00,Paris Gare de Lyon Hall 1 &2,48.844945,2.373481,11880,0,Marseille Saint-Charles,43.302666,5.380407,3317,15197,Paris,Marseille
168,2023-01-03 14:54:00,2023-01-03 18:30:00,Paris Gare de Lyon Hall 1 &2,48.844945,2.373481,12960,1,Grenoble,45.191491,5.714548,677,13637,Paris,Grenoble
169,2023-01-03 16:08:00,2023-01-03 19:13:00,Paris Gare de Lyon Hall 1 &2,48.844945,2.373481,11100,0,Grenoble,45.191491,5.714548,5117,16217,Paris,Grenoble
170,2023-01-03 16:00:00,2023-01-03 19:34:30,Paris Bercy Bourg. Pays d'Auv.,48.839215,2.382791,12870,0,Clermont-Ferrand,45.778945,3.100543,4637,17507,Paris,Clermont-Ferrand
171,2023-01-03 14:59:00,2023-01-03 18:25:30,Paris Gare de Lyon Hall 1 &2,48.844945,2.373481,12390,1,Roanne,46.039383,4.063207,977,13367,Paris,Roanne
172,2023-01-03 16:00:00,2023-01-03 20:13:30,Paris Bercy Bourg. Pays d'Auv.,48.839215,2.382791,15210,1,Roanne,46.039383,4.063207,4637,19847,Paris,Roanne
173,2023-01-03 15:49:00,2023-01-03 17:33:00,Paris Gare de Lyon Hall 1 &2,48.844945,2.373481,6240,0,Mâcon - Loché TGV,46.282912,4.778924,3977,10217,Paris,Mâcon
174,2023-01-03 14:59:00,2023-01-03 16:56:00,Paris Gare de Lyon Hall 1 &2,48.844945,2.373481,7020,0,Lyon Part Dieu,45.760596,4.859409,977,7997,Paris,Lyon
175,2023-01-03 14:49:00,2023-01-03 15:54:00,Paris Gare de Lyon Hall 1 &2,48.844945,2.373481,3900,0,Montbard,47.618741,4.336212,377,4277,Paris,Montbard
176,2023-01-03 16:00:00,2023-01-03 18:28:30,Paris Bercy Bourg. Pays d'Auv.,48.839215,2.382791,8910,0,Moulins sur Allier,46.561394,3.338782,4637,13547,Paris,Moulins
177,2023-01-03 15:11:00,2023-01-03 19:26:00,Paris Montparnasse Hall 1 &2,48.841172,2.320514,15300,0,Toulouse Matabiau,43.611206,1.453616,1697,16997,Paris,Toulouse
178,2023-01-03 15:11:00,2023-01-03 18:54:00,Paris Montparnasse Hall 1 &2,48.841172,2.320514,13380,1,Périgueux,45.187408,0.707879,1697,15077,Paris,Périgueux
179,2023-01-03 15:06:00,2023-01-03 19:37:30,Paris Austerlitz,48.842285,2.364891,16290,2,Limoges Bénédictins,45.836207,1.267419,1397,17687,Paris,Limoges
180,2023-01-03 16:41:00,2023-01-03 19:58:00,Paris Austerlitz,48.842285,2.364891,11820,0,Limoges Bénédictins,45.836207,1.267419,7097,18917,Paris,Limoges
181,2023-01-03 15:11:00,2023-01-03 18:54:00,Paris Montparnasse Hall 1 &2,48.841172,2.320514,13380,1,Agen,44.207967,0.6208669999999999,1697,15077,Paris,Agen
182,2023-01-03 17:11:00,2023-01-03 20:23:00,Paris Montparnasse Hall 1 &2,48.841172,2.320514,11520,0,Agen,44.207967,0.6208669999999999,8897,20417,Paris,Agen
183,2023-01-03 15:11:00,2023-01-03 18:25:00,Paris Montparnasse Hall 1 &2,48.841172,2.320514,11640,1,Arcachon,44.658967,-1.165323,1697,13337,Paris,Arcachon
184,2023-01-03 18:47:00,2023-01-03 21:34:00,Paris Montparnasse Hall 1 &2,48.841172,2.320514,10020,0,Arcachon,44.658967,-1.165323,14657,24677,Paris,Arcachon
185,2023-01-03 15:06:00,2023-01-03 17:53:30,Paris Austerlitz,48.842285,2.364891,10050,1,Bourges,47.094129,2.394236,1397,11447,Paris,Bourges
186,2023-01-03 17:08:00,2023-01-03 19:04:30,Paris Austerlitz,48.842285,2.364891,6990,0,Bourges,47.094129,2.394236,8717,15707,Paris,Bourges
187,2023-01-03 16:06:00,2023-01-03 17:52:00,Paris Montparnasse Hall 1 &2,48.841172,2.320514,6360,1,Châtellerault,46.818594,0.549279,4997,11357,Paris,Châtellerault
188,2023-01-03 17:00:00,2023-01-03 18:13:30,Paris Montparnasse Hall 1 &2,48.841172,2.320514,4410,0,Châtellerault,46.818594,0.549279,8237,12647,Paris,Châtellerault
189,2023-01-03 16:31:00,2023-01-03 17:43:00,Paris Montparnasse Hall 1 &2,48.841172,2.320514,4320,0,Tours,47.389866,0.692831,6497,10817,Paris,Tours
190,2023-01-03 14:43:00,2023-01-03 15:57:00,Paris Montparnasse Hall 1 &2,48.841172,2.320514,4440,0,Laval,48.076255,-0.760929,17,4457,Paris,Laval
191,2023-01-03 14:43:00,2023-01-03 18:02:00,Paris Montparnasse Hall 1 &2,48.841172,2.320514,11940,0,Morlaix,48.57797,-3.832514,17,11957,Paris,Morlaix
192,2023-01-03 15:39:00,2023-01-03 17:47:00,Paris Montparnasse Hall 1 &2,48.841172,2.320514,7680,1,Alençon,48.433884,0.09853099999999999,3377,11057,Paris,Alençon
193,2023-01-03 15:39:00,2023-01-03 18:13:00,Paris Montparnasse Hall 1 &2,48.841172,2.320514,9240,1,Alençon,48.433884,0.09853099999999999,3377,12617,Paris,Alençon
194,2023-01-03 15:58:00,2023-01-03 18:16:30,Paris Saint-Lazare,48.876242,2.325331,8310,0,Bayeux,49.269729,-0.6981000000000001,4517,12827,Paris,Bayeux
195,2023-01-03 15:40:00,2023-01-03 16:56:00,Paris Saint-Lazare,48.876242,2.325331,4560,0,Rouen Rive Droite,49.448663,1.094103,3437,7997,Paris,Rouen
196,2023-01-03 15:06:00,2023-01-03 17:14:00,Paris Montparnasse Hall 1 &2,48.841172,2.320514,7680,1,Dreux Gare Routière,48.731843,1.370998,1397,9077,Paris,Dreux
197,2023-01-03 17:28:00,2023-01-03 18:39:00,Paris Montparnasse Hall 1 &2,48.841172,2.320514,4260,0,Dreux,48.731492,1.370164,9917,14177,Paris,Dreux
198,2023-01-03 14:46:00,2023-01-03 16:39:00,Paris Gare du Nord,48.880136,2.354851,6780,1,Douai,50.371673,3.089958,197,6977,Paris,Douai
199,2023-01-03 17:52:00,2023-01-03 18:58:00,Paris Gare du Nord,48.880136,2.354851,3960,0,Douai,50.371673,3.089958,11357,15317,Paris,Douai
200,2023-01-03 16:31:00,2023-01-03 18:05:30,Paris Gare du Nord,48.880136,2.354851,5670,0,Abbeville,50.102175,1.824538,6497,12167,Paris,Abbeville
201,2023-01-03 15:21:00,2023-01-03 17:44:00,Paris Est,48.876742,2.358424,8580,1,Saverne,48.744483,7.362055,2297,10877,Paris,Saverne
202,2023-01-03 16:36:00,2023-01-03 20:53:00,Paris Est,48.876742,2.358424,15420,0,Saverne,48.744483,7.362055,6797,22217,Paris,Saverne
203,2023-01-03 15:21:00,2023-01-03 19:01:00,Paris Est,48.876742,2.358424,13200,2,Belfort-Ville,47.633278,6.854053,2297,15497,Paris,Belfort
204,2023-01-03 16:19:00,2023-01-03 19:14:00,Paris Gare de Lyon Hall 1 &2,48.844945,2.373481,10500,1,Belfort-Ville,47.633278,6.854053,5777,16277,Paris,Belfort
205,2023-01-03 14:49:00,2023-01-03 19:24:00,Paris Gare de Lyon Hall 1 &2,48.844945,2.373481,16500,1,Belfort-Ville,47.633278,6.854053,377,16877,Paris,Belfort
206,2023-01-03 16:42:00,2023-01-03 20:49:30,Paris Est,48.876742,2.358424,14850,0,Belfort-Ville,47.633278,6.854053,7157,22007,Paris,Belfort
207,2023-01-03 16:36:00,2023-01-03 18:47:00,Paris Est,48.876742,2.358424,7860,0,Bar-le-Duc,48.773598,5.167053,6797,14657,Paris,Bar-le-Duc
208,2023-01-03 15:28:00,2023-01-03 17:58:00,Paris Est,48.876742,2.358424,9000,1,Sedan,49.695024,4.930373,2717,11717,Paris,Sedan
209,2023-01-03 18:28:00,2023-01-03 20:35:00,Paris Est,48.876742,2.358424,7620,0,Sedan,49.695024,4.930373,13517,21137,Paris,Sedan
210,2023-01-03 14:54:00,2023-01-03 19:20:00,Paris Gare de Lyon Hall 1 &2,48.844945,2.373481,15960,0,Narbonne,43.190618,3.005667,677,16637,Paris,Narbonne
211,2023-01-03 14:54:00,2023-01-03 18:49:00,Paris Gare de Lyon Hall 1 &2,48.844945,2.373481,14100,2,Alès,44.127825,4.084948,677,14777,Paris,Alès
212,2023-01-03 16:53:00,2023-01-03 21:11:00,Paris Gare de Lyon Hall 1 &2,48.844945,2.373481,15480,1,Alès,44.127825,4.084948,7817,23297,Paris,Alès
213,2023-01-03 15:21:00,2023-01-03 18:28:00,Paris Est,48.876742,2.358424,11220,1,Lunéville,48.58799,6.496997,2297,13517,Paris,Lunéville
214,2023-01-03 16:36:00,2023-01-03 20:06:00,Paris Est,48.876742,2.358424,12600,0,Lunéville,48.58799,6.496997,6797,19397,Paris,Lunéville
215,2023-01-03 14:54:00,2023-01-03 17:42:00,Paris Gare de Lyon Hall 1 &2,48.844945,2.373481,10080,1,Valence Gare Routière,44.927222,4.892222,677,10757,Paris,Valence
216,2023-01-03 14:54:00,2023-01-03 17:43:00,Paris Gare de Lyon Hall 1 &2,48.844945,2.373481,10140,1,Valence Ville,44.928081,4.893288,677,10817,Paris,Valence
217,2023-01-03 17:08:00,2023-01-03 19:46:00,Paris Gare de Lyon Hall 1 &2,48.844945,2.373481,9480,0,Valence Ville,44.928081,4.893288,8717,18197,Paris,Valence
218,2023-01-03 16:07:00,2023-01-03 17:44:00,Paris Est,48.876742,2.358424,5820,0,Nancy,48.689857,6.174579,5057,10877,Paris,Nancy
219,2023-01-03 14:49:00,2023-01-03 15:55:00,Paris Est,48.876742,2.358424,3960,0,Château-Thierry,49.03814,3.409302,377,4337,Paris,Château-Thierry
220,2023-01-03 15:58:30,2023-01-03 21:59:00,Paris Gare de Lyon Hall 1 &2,48.844945,2.373481,21630,0,Nice-Ville,43.704556,7.261904,4547,26177,Paris,Nice
221,2023-01-03 14:45:00,2023-01-03 17:40:00,Paris Gare de Lyon Hall 1 &2,48.844945,2.373481,10500,0,Chambéry - Challes-les-Eaux,45.571302,5.919547,137,10637,Paris,Chambéry
222,2023-01-03 16:00:00,2023-01-03 19:23:30,Paris Bercy Bourg. Pays d'Auv.,48.839215,2.382791,12210,0,Riom - Châtel-Guyon,45.889965,3.120498,4637,16847,Paris,Riom
223,2023-01-03 16:00:00,2023-01-03 19:01:30,Paris Bercy Bourg. Pays d'Auv.,48.839215,2.382791,10890,0,Vichy,46.126991,3.430476,4637,15527,Paris,Vichy
224,2023-01-03 16:00:00,2023-01-03 17:57:00,Paris Bercy Bourg. Pays d'Auv.,48.839215,2.382791,7020,0,Nevers,46.987282,3.150743,4637,11657,Paris,Nevers
225,2023-01-03 15:16:00,2023-01-03 16:55:00,Paris Gare de Lyon Hall 1 &2,48.844945,2.373481,5940,0,Montargis,48.006862,2.742783,1997,7937,Paris,Montargis
226,2023-01-03 14:54:00,2023-01-03 20:34:00,Paris Gare de Lyon Hall 1 &2,48.844945,2.373481,20400,1,Carcassonne,43.218029,2.351824,677,21077,Paris,Carcassonne
227,2023-01-03 15:06:00,2023-01-03 18:08:00,Paris Austerlitz,48.842285,2.364891,10920,2,Châteauroux,46.809812,1.699483,1397,12317,Paris,Châteauroux
228,2023-01-03 16:41:00,2023-01-03 18:47:30,Paris Austerlitz,48.842285,2.364891,7590,0,Châteauroux,46.809812,1.699483,7097,14687,Paris,Châteauroux
229,2023-01-03 15:11:00,2023-01-03 17:49:00,Paris Montparnasse Hall 1 &2,48.841172,2.320514,9480,1,Libourne,44.915904,-0.236359,1697,11177,Paris,Libourne
230,2023-01-03 18:27:00,2023-01-03 21:16:30,Paris Montparnasse Hall 1 &2,48.841172,2.320514,10170,0,Libourne,44.915904,-0.236359,13457,23627,Paris,Libourne
231,2023-01-03 16:06:00,2023-01-03 17:24:00,Paris Montparnasse Hall 1 &2,48.841172,2.320514,4680,0,Poitiers,46.582232,0.333136,4997,9677,Paris,Poitiers
232,2023-01-03 15:06:00,2023-01-03 17:17:00,Paris Austerlitz,48.842285,2.364891,7860,1,Blois - Chambord,47.585449,1.323759,1397,9257,Paris,Blois
233,2023-01-03 15:06:00,2023-01-03 17:30:00,Paris Austerlitz,48.842285,2.364891,8640,1,Blois - Chambord,47.585449,1.323759,1397,10037,Paris,Blois
234,2023-01-03 17:38:00,2023-01-03 19:00:30,Paris Austerlitz,48.842285,2.364891,4950,0,Blois - Chambord,47.585449,1.323759,10517,15467,Paris,Blois
235,2023-01-03 15:43:00,2023-01-03 19:07:00,Paris Montparnasse Hall 1 &2,48.841172,2.320514,12240,1,Saintes,45.74874,-0.6179,3617,15857,Paris,Saintes
236,2023-01-03 15:11:00,2023-01-03 19:23:30,Paris Montparnasse Hall 1 &2,48.841172,2.320514,15150,1,Saintes,45.74874,-0.6179,1697,16847,Paris,Saintes
237,2023-01-03 15:47:30,2023-01-03 18:35:00,Paris Montparnasse Hall 1 &2,48.841172,2.320514,10050,1,La Roche-sur-Yon,46.672075,-1.43566,3887,13937,Paris,Roche-sur-Yon
238,2023-01-03 18:51:00,2023-01-03 21:50:30,Paris Montparnasse Hall 1 &2,48.841172,2.320514,10770,0,La Roche-sur-Yon,46.672075,-1.43566,14897,25667,Paris,Roche-sur-Yon
239,2023-01-03 15:43:00,2023-01-03 18:23:00,Paris Montparnasse Hall 1 &2,48.841172,2.320514,9600,0,La Rochelle,46.152705,-1.145853,3617,13217,Paris,Rochelle
240,2023-01-03 15:47:30,2023-01-03 18:07:00,Paris Montparnasse Hall 1 &2,48.841172,2.320514,8370,1,Cholet,47.065702,-0.869897,3887,12257,Paris,Cholet
241,2023-01-03 14:43:00,2023-01-03 17:29:00,Paris Montparnasse Hall 1 &2,48.841172,2.320514,9960,1,Saint-Malo,48.646859,-2.004158,17,9977,Paris,Saint-Malo
242,2023-01-03 18:14:00,2023-01-03 21:01:00,Paris Montparnasse Hall 1 &2,48.841172,2.320514,10020,0,Saint-Malo,48.646859,-2.004158,12677,22697,Paris,Saint-Malo
243,2023-01-03 14:43:00,2023-01-03 17:28:00,Paris Montparnasse Hall 1 &2,48.841172,2.320514,9900,0,Vannes,47.665169,-2.75245,17,9917,Paris,Vannes
244,2023-01-03 14:43:00,2023-01-03 17:55:00,Paris Montparnasse Hall 1 &2,48.841172,2.320514,11520,0,Lorient,47.755597,-3.366221,17,11537,Paris,Lorient
245,2023-01-03 14:43:00,2023-01-03 16:25:00,Paris Montparnasse Hall 1 &2,48.841172,2.320514,6120,0,Rennes,48.103517,-1.672744,17,6137,Paris,Rennes
246,2023-01-03 15:09:00,2023-01-03 16:25:00,Paris Saint-Lazare,48.876242,2.325331,4560,0,Évreux Normandie,49.018748,1.149629,1577,6137,Paris,Évreux
247,2023-01-03 14:46:00,2023-01-03 16:40:00,Paris Gare du Nord,48.880136,2.354851,6840,1,Valenciennes,50.363187,3.517124,197,7037,Paris,Valenciennes
248,2023-01-03 17:52:00,2023-01-03 19:35:00,Paris Gare du Nord,48.880136,2.354851,6180,0,Valenciennes,50.363187,3.517124,11357,17537,Paris,Valenciennes
249,2023-01-03 14:46:00,2023-01-03 16:42:00,Paris Gare du Nord,48.880136,2.354851,6960,1,Béthune,50.521454,2.640509,197,7157,Paris,Béthune
250,2023-01-03 16:52:00,2023-01-03 18:16:00,Paris Gare du Nord,48.880136,2.354851,5040,0,Béthune,50.521454,2.640509,7757,12797,Paris,Béthune
251,2023-01-03 16:04:00,2023-01-03 17:22:00,Paris Gare du Nord,48.880136,2.354851,4680,0,Amiens,49.890584,2.308277,4877,9557,Paris,Amiens
252,2023-01-03 16:04:00,2023-01-03 16:40:00,Paris Gare du Nord,48.880136,2.354851,2160,0,Clermont de l'Oise,49.385278,2.417663,4877,7037,Paris,Clermont
253,2023-01-03 14:46:00,2023-01-03 17:48:00,Paris Gare du Nord,48.880136,2.354851,10920,1,Dunkerque,51.03041,2.368991,197,11117,Paris,Dunkerque
254,2023-01-03 16:52:00,2023-01-03 19:04:00,Paris Gare du Nord,48.880136,2.354851,7920,0,Dunkerque,51.03041,2.368991,7757,15677,Paris,Dunkerque
255,2023-01-03 15:31:00,2023-01-03 16:38:00,Paris Gare du Nord,48.880136,2.354851,4020,0,Soissons,49.369226,3.33809,2897,6917,Paris,Soissons
256,2023-01-03 15:21:00,2023-01-03 17:07:00,Paris Est,48.876742,2.358424,6360,0,Strasbourg,48.584532,7.734793,2297,8657,Paris,Strasbourg
257,2023-01-03 14:49:00,2023-01-03 19:09:00,Paris Gare de Lyon Hall 1 &2,48.844945,2.373481,15600,1,Montbéliard,47.51055,6.801336,377,15977,Paris,Montbéliard
258,2023-01-03 15:28:00,2023-01-03 17:39:00,Paris Est,48.876742,2.358424,7860,1,Vitry-le-François,48.717913,4.587515,2717,10577,Paris,Vitry-le-François
259,2023-01-03 16:36:00,2023-01-03 18:23:00,Paris Est,48.876742,2.358424,6420,0,Vitry-le-François,48.717913,4.587515,6797,13217,Paris,Vitry-le-François
260,2023-01-03 15:28:00,2023-01-03 16:14:00,Paris Est,48.876742,2.358424,2760,0,Reims,49.259602,4.02392,2717,5477,Paris,Reims
261,2023-01-03 15:55:00,2023-01-03 19:29:00,Paris Est,48.876742,2.358424,12840,1,Saint-Dié-des-Vosges,48.282043,6.948516,4337,17177,Paris,Saint-Dié-des-Vosges
262,2023-01-03 18:10:00,2023-01-03 20:47:00,Paris Est,48.876742,2.358424,9420,0,Saint-Dié-des-Vosges,48.282043,6.948516,12437,21857,Paris,Saint-Dié-des-Vosges
263,2023-01-03 15:12:00,2023-01-03 16:41:00,Paris Est,48.876742,2.358424,5340,0,Troyes,48.296069,4.065281,1757,7097,Paris,Troyes
264,2023-01-03 14:54:00,2023-01-03 19:56:00,Paris Gare de Lyon Hall 1 &2,48.844945,2.373481,18120,0,Perpignan,42.696096,2.879355,677,18797,Paris,Perpignan
265,2023-01-03 14:54:00,2023-01-03 19:03:00,Paris Gare de Lyon Hall 1 &2,48.844945,2.373481,14940,0,Béziers,43.336295,3.218895,677,15617,Paris,Béziers
266,2023-01-03 14:54:00,2023-01-03 18:45:30,Paris Gare de Lyon Hall 1 &2,48.844945,2.373481,13890,1,Arles,43.684863,4.632105,677,14567,Paris,Arles
267,2023-01-03 17:08:00,2023-01-03 21:18:30,Paris Gare de Lyon Hall 1 &2,48.844945,2.373481,15030,0,Arles,43.684863,4.632105,8717,23747,Paris,Arles
268,2023-01-03 16:11:00,2023-01-03 19:28:00,Paris Montparnasse Hall 1 &2,48.841172,2.320514,11820,0,Dax,43.720472,-1.050301,5297,17117,Paris,Dax
269,2023-01-03 17:41:00,2023-01-03 21:11:30,Paris Austerlitz,48.842285,2.364891,12630,1,Montluçon,46.338101,2.596159,10697,23327,Paris,Montluçon
270,2023-01-03 16:11:00,2023-01-03 22:30:00,Paris Montparnasse Hall 1 &2,48.841172,2.320514,22740,2,Albi Ville,43.92238,2.137958,5297,28037,Paris,Albi
271,2023-01-03 15:11:00,2023-01-03 22:30:00,Paris Montparnasse Hall 1 &2,48.841172,2.320514,26340,1,Albi Ville,43.92238,2.137958,1697,28037,Paris,Albi
272,2023-01-03 15:11:00,2023-01-03 18:18:00,Paris Montparnasse Hall 1 &2,48.841172,2.320514,11220,1,Marmande,44.503071,0.168091,1697,12917,Paris,Marmande
273,2023-01-03 16:11:00,2023-01-03 19:04:00,Paris Montparnasse Hall 1 &2,48.841172,2.320514,10380,1,Marmande,44.503071,0.168091,5297,15677,Paris,Marmande
274,2023-01-03 15:06:00,2023-01-03 17:24:30,Paris Austerlitz,48.842285,2.364891,8310,1,Vierzon,47.226474,2.059869,1397,9707,Paris,Vierzon
275,2023-01-03 17:08:00,2023-01-03 18:44:30,Paris Austerlitz,48.842285,2.364891,5790,0,Vierzon,47.226474,2.059869,8717,14507,Paris,Vierzon
276,2023-01-03 16:31:00,2023-01-03 17:42:00,Paris Montparnasse Hall 1 &2,48.841172,2.320514,4260,1,Vendôme,47.801959,1.068219,6497,10757,Paris,Vendôme
277,2023-01-03 19:11:00,2023-01-03 21:30:00,Paris Austerlitz,48.842285,2.364891,8340,0,Vendôme,47.801959,1.068219,16097,24437,Paris,Vendôme
278,2023-01-03 15:06:00,2023-01-03 16:27:30,Paris Austerlitz,48.842285,2.364891,4890,0,Orléans,47.907891,1.904242,1397,6287,Paris,Orléans
279,2023-01-03 15:47:30,2023-01-03 18:11:00,Paris Montparnasse Hall 1 &2,48.841172,2.320514,8610,1,Saumur,47.268994,-0.07140299999999999,3887,12497,Paris,Saumur
280,2023-01-03 18:10:00,2023-01-03 21:08:30,Paris Austerlitz,48.842285,2.364891,10710,0,Saumur,47.268994,-0.07140299999999999,12437,23147,Paris,Saumur
281,2023-01-03 15:47:30,2023-01-03 19:29:00,Paris Montparnasse Hall 1 &2,48.841172,2.320514,13290,1,Olonne-sur-Mer,46.548653,-1.767302,3887,17177,Paris,Sables-d'Olonne
282,2023-01-03 18:51:00,2023-01-03 22:19:00,Paris Montparnasse Hall 1 &2,48.841172,2.320514,12480,0,Les Sables-d'Olonne,46.500032,-1.781116,14897,27377,Paris,Sables-d'Olonne
283,2023-01-03 15:47:30,2023-01-03 17:50:00,Paris Montparnasse Hall 1 &2,48.841172,2.320514,7350,0,Nantes,47.217491,-1.542077,3887,11237,Paris,Nantes
284,2023-01-03 14:43:00,2023-01-03 17:33:00,Paris Montparnasse Hall 1 &2,48.841172,2.320514,10200,0,Guingamp,48.555659,-3.143343,17,10217,Paris,Guingamp
285,2023-01-03 14:43:00,2023-01-03 17:16:00,Paris Montparnasse Hall 1 &2,48.841172,2.320514,9180,0,Saint-Brieuc,48.50758,-2.765,17,9197,Paris,Saint-Brieuc
286,2023-01-03 14:43:00,2023-01-03 17:03:00,Paris Montparnasse Hall 1 &2,48.841172,2.320514,8400,0,Redon,47.652004,-2.08777,17,8417,Paris,Redon
287,2023-01-03 15:58:00,2023-01-03 19:02:00,Paris Saint-Lazare,48.876242,2.325331,11040,1,Saint-Lô,49.116975,-1.099525,4517,15557,Paris,Saint-Lô
288,2023-01-03 15:58:00,2023-01-03 17:58:30,Paris Saint-Lazare,48.876242,2.325331,7230,0,Caen,49.176354,-0.347613,4517,11747,Paris,Caen
289,2023-01-03 15:40:00,2023-01-03 17:48:00,Paris Saint-Lazare,48.876242,2.325331,7680,0,Le Havre,49.492624,0.124644,3437,11117,Paris,Havre
290,2023-01-03 16:31:00,2023-01-03 18:59:00,Paris Gare du Nord,48.880136,2.354851,8880,0,Boulogne sur Mer,50.715613,1.609714,6497,15377,Paris,Boulogne-sur-Mer
291,2023-01-03 14:46:00,2023-01-03 17:28:00,Paris Gare du Nord,48.880136,2.354851,9720,1,Calais Ville,50.953466,1.850885,197,9917,Paris,Calais
292,2023-01-03 17:52:00,2023-01-03 20:02:00,Paris Gare du Nord,48.880136,2.354851,7800,0,Calais Ville,50.953466,1.850885,11357,19157,Paris,Calais
293,2023-01-03 16:07:00,2023-01-03 17:20:00,Paris Gare du Nord,48.880136,2.354851,4380,0,Beauvais,49.426522,2.088609,5057,9437,Paris,Beauvais
294,2023-01-03 15:21:00,2023-01-03 18:14:00,Paris Est,48.876742,2.358424,10380,1,Mulhouse,47.742691,7.34316,2297,12677,Paris,Mulhouse
295,2023-01-03 16:19:00,2023-01-03 19:03:00,Paris Gare de Lyon Hall 1 &2,48.844945,2.373481,9840,0,Mulhouse,47.742691,7.34316,5777,15617,Paris,Mulhouse
296,2023-01-03 15:28:00,2023-01-03 17:09:00,Paris Est,48.876742,2.358424,6060,1,Châlons-en-Champagne,48.955252,4.348656,2717,8777,Paris,Châlons-en-Champagne
297,2023-01-03 16:36:00,2023-01-03 18:05:00,Paris Est,48.876742,2.358424,5340,0,Châlons-en-Champagne,48.955252,4.348656,6797,12137,Paris,Châlons-en-Champagne
298,2023-01-03 15:28:00,2023-01-03 17:26:00,Paris Est,48.876742,2.358424,7080,1,Charleville-Mézières,49.76763,4.724344,2717,9797,Paris,Charleville-Mézières
299,2023-01-03 18:28:00,2023-01-03 20:11:00,Paris Est,48.876742,2.358424,6180,0,Charleville-Mézières,49.76763,4.724344,13517,19697,Paris,Charleville-Mézières
300,2023-01-03 16:07:00,2023-01-03 18:51:00,Paris Est,48.876742,2.358424,9840,1,Épinal,48.178005,6.441787,5057,14897,Paris,Épinal
301,2023-01-03 18:10:00,2023-01-03 20:39:30,Paris Est,48.876742,2.358424,8970,0,Épinal,48.178005,6.441787,12437,21407,Paris,Épinal
302,2023-01-03 14:54:00,2023-01-03 18:08:00,Paris Gare de Lyon Hall 1 &2,48.844945,2.373481,11640,0,Montpellier Sud de France,43.595146,3.924009,677,12317,Paris,Montpellier
303,2023-01-03 14:45:00,2023-01-03 18:58:00,Paris Gare de Lyon Hall 1 &2,48.844945,2.373481,15180,1,Annecy,45.902047,6.121826,137,15317,Paris,Annecy
304,2023-01-03 14:45:00,2023-01-03 19:15:00,Paris Gare de Lyon Hall 1 &2,48.844945,2.373481,16200,1,Annecy,45.902047,6.121826,137,16337,Paris,Annecy
305,2023-01-03 17:39:00,2023-01-03 21:34:00,Paris Gare de Lyon Hall 1 &2,48.844945,2.373481,14100,0,Annecy,45.902047,6.121826,10577,24677,Paris,Annecy
306,2023-01-03 14:59:00,2023-01-03 18:10:00,Paris Gare de Lyon Hall 1 &2,48.844945,2.373481,11460,1,Saint-Étienne Châteaucreux,45.443366,4.399722,977,12437,Paris,Saint-Étienne
307,2023-01-03 16:58:00,2023-01-03 19:48:00,Paris Gare de Lyon Hall 1 &2,48.844945,2.373481,10200,0,Saint-Étienne Châteaucreux,45.443366,4.399722,8117,18317,Paris,Saint-Étienne
308,2023-01-03 14:49:00,2023-01-03 17:00:30,Paris Gare de Lyon Hall 1 &2,48.844945,2.373481,7890,1,Beaune,47.023014,4.848423,377,8267,Paris,Beaune
309,2023-01-03 15:34:00,2023-01-03 19:00:00,Paris Bercy Bourg. Pays d'Auv.,48.839215,2.382791,12360,0,Beaune,47.023014,4.848423,3077,15437,Paris,Beaune
310,2023-01-03 14:49:00,2023-01-03 16:58:00,Paris Gare de Lyon Hall 1 &2,48.844945,2.373481,7740,0,Dole,47.09615,5.48806,377,8117,Paris,Dole
311,2023-01-03 16:11:00,2023-01-03 20:03:00,Paris Montparnasse Hall 1 &2,48.841172,2.320514,13920,0,Bayonne,43.496793,-1.470368,5297,19217,Paris,Bayonne
312,2023-01-03 16:11:00,2023-01-03 20:28:00,Paris Montparnasse Hall 1 &2,48.841172,2.320514,15420,1,Pau,43.291711,-0.369675,5297,20717,Paris,Pau
313,2023-01-03 18:10:00,2023-01-03 22:25:00,Paris Montparnasse Hall 1 &2,48.841172,2.320514,15300,0,Pau,43.291711,-0.369675,12437,27737,Paris,Pau
314,2023-01-03 15:11:00,2023-01-03 19:42:00,Paris Montparnasse Hall 1 &2,48.841172,2.320514,16260,2,Montauban Ville Bourbon,44.01444,1.341499,1697,17957,Paris,Montauban
315,2023-01-03 16:11:00,2023-01-03 20:09:00,Paris Montparnasse Hall 1 &2,48.841172,2.320514,14280,1,Montauban Ville Bourbon,44.01444,1.341499,5297,19577,Paris,Montauban
316,2023-01-03 17:11:00,2023-01-03 21:03:00,Paris Montparnasse Hall 1 &2,48.841172,2.320514,13920,0,Montauban Ville Bourbon,44.01444,1.341499,8897,22817,Paris,Montauban
317,2023-01-03 15:11:00,2023-01-03 20:24:00,Paris Montparnasse Hall 1 &2,48.841172,2.320514,18780,1,Brive-la-Gaillarde,45.152601,1.528634,1697,20477,Paris,Brive-la-Gaillarde
318,2023-01-03 16:41:00,2023-01-03 21:04:00,Paris Austerlitz,48.842285,2.364891,15780,0,Brive-la-Gaillarde,45.152601,1.528634,7097,22877,Paris,Brive-la-Gaillarde
319,2023-01-03 15:11:00,2023-01-03 17:15:00,Paris Montparnasse Hall 1 &2,48.841172,2.320514,7440,0,Bordeaux Saint-Jean,44.825873,-0.556697,1697,9137,Paris,Bordeaux
320,2023-01-03 15:43:00,2023-01-03 17:35:00,Paris Montparnasse Hall 1 &2,48.841172,2.320514,6720,0,Niort,46.319491,-0.454639,3617,10337,Paris,Niort
321,2023-01-03 14:43:00,2023-01-03 18:26:00,Paris Montparnasse Hall 1 &2,48.841172,2.320514,13380,1,Lannion,48.727638,-3.460353,17,13397,Paris,Lannion
322,2023-01-03 15:39:00,2023-01-03 18:43:00,Paris Montparnasse Hall 1 &2,48.841172,2.320514,11040,1,Argentan,48.738545,-0.025291,3377,14417,Paris,Argentan
323,2023-01-03 17:13:00,2023-01-03 19:14:00,Paris Montparnasse Vaugirard,48.841172,2.320514,7260,0,Argentan,48.738545,-0.025291,9017,16277,Paris,Argentan
324,2023-01-03 16:08:00,2023-01-03 17:39:00,Paris Saint-Lazare,48.876242,2.325331,5460,0,Bernay,49.087116,0.595688,5117,10577,Paris,Bernay
325,2023-01-03 15:40:00,2023-01-03 18:00:00,Paris Saint-Lazare,48.876242,2.325331,8400,1,Dieppe,49.921788,1.081133,3437,11837,Paris,Dieppe
326,2023-01-03 15:39:00,2023-01-03 16:33:30,Paris Montparnasse Hall 1 &2,48.841172,2.320514,3270,0,Le Mans,47.995615,0.192614,3377,6647,Paris,Mans
327,2023-01-03 15:06:00,2023-01-03 16:07:30,Paris Montparnasse Hall 1 &2,48.841172,2.320514,3690,0,Chartres,48.448202,1.481313,1397,5087,Paris,Chartres
328,2023-01-03 14:46:00,2023-01-03 16:50:00,Paris Gare du Nord,48.880136,2.354851,7440,1,Lens,50.426866,2.828301,197,7637,Paris,Lens
329,2023-01-03 16:52:00,2023-01-03 18:02:30,Paris Gare du Nord,48.880136,2.354851,4230,0,Lens,50.426866,2.828301,7757,11987,Paris,Lens
330,2023-01-03 15:31:00,2023-01-03 17:05:00,Paris Gare du Nord,48.880136,2.354851,5640,0,Laon,49.570578,3.62434,2897,8537,Paris,Laon
331,2023-01-03 15:37:00,2023-01-03 18:08:00,Paris Gare du Nord,48.880136,2.354851,9060,1,Saint-Quentin,49.840025,3.296958,3257,12317,Paris,Saint-Quentin
332,2023-01-03 16:34:00,2023-01-03 18:13:00,Paris Gare du Nord,48.880136,2.354851,5940,0,Saint-Quentin,49.840025,3.296958,6677,12617,Paris,Saint-Quentin
333,2023-01-03 14:46:00,2023-01-03 17:00:00,Paris Gare du Nord,48.880136,2.354851,8040,1,Saint-Omer,50.753618,2.266719,197,8237,Paris,Saint-Omer
334,2023-01-03 15:24:00,2023-01-03 16:54:00,Paris Est,48.876742,2.358424,5400,0,Metz,49.109466,6.177052,2477,7877,Paris,Metz
335,2023-01-03 15:24:00,2023-01-03 17:41:00,Paris Est,48.876742,2.358424,8220,1,Thionville,49.353965,6.168582,2477,10697,Paris,Thionville
336,2023-01-03 17:40:00,2023-01-03 19:25:30,Paris Est,48.876742,2.358424,6330,0,Thionville,49.353965,6.168582,10637,16967,Paris,Thionville
337,2023-01-03 16:07:00,2023-01-03 18:31:00,Paris Est,48.876742,2.358424,8640,1,Toul,48.679011,5.880499,5057,13697,Paris,Toul
338,2023-01-03 16:36:00,2023-01-03 19:24:00,Paris Est,48.876742,2.358424,10080,0,Toul,48.679011,5.880499,6797,16877,Paris,Toul
